ID,ID_numeric,Date_measured,Color,Color_numeric,Cyme_length,flowers_per_day,Flowers_buds_on_cymepeduncle, Cor_Length,Cor_tissue_Length, Cor_Width,Anther_stigma_position, Nectar_volume_mm, Style_Length,Sterility,after_noon,Notes
1,1,8/12/2014,p,1,16.6,1,1,24.9,27,16,0,0.5,15.9,,,
1,1,11/12/2014,p,1,22.5,1,1,25.8,29.5,20.2,0,0,15.9,,,
1,1,11/16/2014,p,1,16.3,1,1,26.7,30.9,22.9,0,3,15.7,,,
1,1,11/18/2014,p,1,15.5,1,2,26.8,31.1,21.8,0,3.4,16.1,,,
4,4,7/22/2014,p,1,27,1,1,28,33,24,0,0,18,,,
7,7,7/22/2014,p,1,18,2,1,28,32,19,0,1,16,,,
7,7,9/29/2014,p,1,28.1,1,4,21.2,25.4,19.1,0,0.5,14.2,,,1 shrunken anther
7,7,10/19/2014,p,1,42.2,1,3,24.8,29.1,21.5,0,2.9,16,,,
7,7,11/19/2014,p,1,15,1,3,25.2,29.5,21.6,0,4,15.9,,,
8,8,9/1/2014,p,1,21.6,1,1,27.6,33.3,23.8,0,0,15.6,,,
8,8,10/6/2014,p,1,18.1,3,1,26.6,31.8,24.1,0.5,7.1,18.1,,,
8,8,11/18/2014,p,1,32.6,1,2,27.8,32,24.4,0,2.9,15.4,,,
8,8,11/23/2014,p,1,18.3,1,1,28,33.8,25.5,0,4.3,15.5,,,
8,8,11/25/2014,p,1,16.1,1,1,28.1,33.9,24.3,0,6,15.4,,,
11,11,8/13/2014,p,1,26.4,1,2,29.9,32.8,21.9,0,6.8,16.8,,,
11,11,10/14/2014,p,1,22.8,1,1,30.3,35.2,24.5,0,11.9,16.8,,,
11,11,10/16/2014,p,1,21.8,1,1,30.8,34.6,22.3,0,7.6,16,,,
11,11,10/18/2014,p,1,20.1,1,1,29.1,34.6,25,0,13.2,16.2,,,
11,11,10/31/2014,p,1,16.8,1,1,29.5,33.3,20.7,0,2.4,16.5,,,
12,12,10/4/2014,p,1,28.7,1,1,29.5,32.6,21.8,0,0,17,,,
13,13,7/8/2014,p,1,15,1,1,25,,20,0,0,16,,,
13,13,8/2/2014,p,1,27.8,1,2,28.9,33.3,21.3,0,0,17.3,,,
13,13,8/4/2014,p,1,23.8,1,2,26,31.4,22.4,0,1.5,16.5,,,
14,14,10/14/2014,p,1,15.7,1,1,29.2,33,21.8,0.5,0,18.6,,,
15,15,7/16/2014,p,1,14,1,1,26,,23,0,0,17,,,
15,15,7/20/2014,p,1,18,1,1,24,30,21,0,0.5,17,,,extra pale?
15,15,7/21/2014,p,1,25,2,1,26,31,22,0,2,17,,,
15,15,7/22/2014,p,1,24,1,2,25,30,22,0,0,18,,,
15,15,7/23/2014,p,1,32,1,3,25,28,20,0,0,17,,,
15,15,7/26/2014,p,1,9.8,1,2,24.1,26.8,17,0,0,15.1,,,
15,15,8/4/2014,p,1,17.3,1,2,23,27.1,19.7,0,1.7,16.1,,,
18,18,7/22/2014,p,1,17,1,1,24,29,19,0,0,16,,,pale
18,18,8/19/2014,p,1,18.4,1,1,27.5,32.1,21.8,0,0.9,18.4,,,striped/speckled
18,18,11/14/2014,p,1,38.1,1,3,24.9,29.2,20.2,0,0.8,17,,,pruning damage
19,19,7/17/2014,p,1,19,1,1,26,,22,0,0,15,,,
19,19,8/3/2014,p,1,15.7,1,1,28.9,32.5,21.6,0,0,14.5,,,
19,19,10/2/2014,p,1,20.4,1,1,28.9,34.3,24.8,0,7.4,16.7,,,
19,19,10/3/2014,p,1,19.1,1,1,28,31.8,22.6,0,4.7,15.2,,,
21,21,7/24/2014,p,1,39,2,3,27,30,18,0,0.5,15,,,
21,21,8/20/2014,p,1,19.2,1,1,27.8,31.5,20.7,0,0,15.3,,,
21,21,9/24/2014,p,1,28.3,1,1,28.3,31,22,0,0.9,14.9,,,
21,21,9/26/2014,p,1,34.6,1,2,29.3,32.3,21.6,0,0.9,14.9,,,
21,21,9/27/2014,p,1,24.2,2,1,26.6,30.7,20.3,0,0,15,,,
21,21,9/28/2014,p,1,37.9,2,2,26.1,30.8,19.5,0,0,14.1,,,
21,21,11/19/2014,p,1,20.4,3,1,27.6,31.3,21.1,0,1.9,14.9,,,
22,22,11/14/2014,p,1,12.4,1,1,26.2,30,19.2,0.5,0,16.3,1,,"sfs style gestalt, pollen ok, no seeds. pruning damage"
22,22,11/16/2014,p,1,10.4,1,1,25.6,27.7,17.7,0,0,15.4,1,,
22,22,11/17/2014,p,1,11.3,1,1,27,30,20.8,1,0,16.3,1,,sfs
22,22,11/19/2014,p,1,10.3,2,1,27.9,32.2,22.6,0.5,0,16.4,1,,
22,22,11/23/2014,p,1,11.2,1,1,27.6,31.6,19.3,0,0,15.1,1,,
23,23,7/23/2014,p,1,18,1,1,22,25,15,0,0,13,,,
24,24,7/10/2014,w,0,17,1,1,26,,19,0,7,17,,,
24,24,7/22/2014,w,0,30,4,1,29,33,18,0.5,11,18,,,
24,24,7/23/2014,w,0,51,1,2,29,33,16,0,5.5,18,,,
24,24,7/28/2014,w,0,53.7,1,2,27,29.5,19,0,1.3,16.6,,,
24,24,8/3/2014,w,0,19.2,1,1,27.9,33.2,23.8,0,3,17,,,
24,24,8/4/2014,w,0,24.9,2,1,28.7,31.9,22.9,0,6.1,17.3,,,
24,24,8/14/2014,w,0,48.6,1,3,26.7,31.4,22.9,0,3.4,16.2,,,
27,27,7/24/2014,p,1,25,1,1,23,28,18,0,2,15,,,white throat
27,27,8/16/2014,p,1,39.6,2,3,26.1,30.6,20.7,0,1.4,17.1,,,
27,27,9/17/2014,p,1,19,1,3,24.5,28.6,21.2,0,0,16.1,,,
27,27,9/24/2014,p,1,43.7,1,3,27.7,32.6,22.1,0.5,4,17.5,,,
27,27,9/27/2014,p,1,14.8,1,1,25.7,30.2,22.4,0.5,1.2,17.3,,,
29,29,7/24/2014,w,0,21,1,1,22,26,18,0,0,15,,,
29,29,8/4/2014,w,0,49.5,1,4,27.7,30.6,21.5,0,6.3,17.1,,,
29,29,9/24/2014,w,0,24.3,1,2,27.5,31.2,22.8,0,2.1,15.6,,,
29,29,9/26/2014,w,0,34.8,3,3,27.6,32.4,24.3,0,1.4,16.1,,,
29,29,10/2/2014,w,0,39.9,3,3,25.6,32.1,24.3,0,0,16.1,,,
30,30,7/26/2014,p,1,16.2,1,1,24.2,28,17.3,0,0,16.5,,,
31,31,9/26/2014,p,1,18,1,2,21.2,26.4,18.9,0.5,0,15.2,,,
32,32,8/3/2014,p,1,17.9,1,1,28.9,31.1,19,0,0,17.1,,,
32,32,11/24/2014,p,1,14.1,1,2,24.5,28.4,18.8,0,0,14.8,,,
33,33,8/3/2014,p,1,58.6,1,2,29.8,33.2,23.8,0,8.7,18.2,,,
33,33,9/26/2014,p,1,23.5,1,1,23.1,29,22.3,0,1.1,15.8,,,
33,33,9/30/2014,p,1,42,1,3,30.3,34.7,26.2,0,4.5,17.1,,,
33,33,10/6/2014,p,1,46.1,1,2,27.6,31,22.9,0,0,15.8,,,
34,34,8/3/2014,p,1,34.9,1,2,27.9,32.9,23,0,9.5,16.8,,,
34,34,9/8/2014,p,1,28.3,1,2,29.5,34.5,28.8,0,9.3,18,,,
34,34,9/14/2014,p,1,32.2,1,2,29.3,34.1,25.2,0,10.9,18.6,,,
34,34,9/28/2014,p,1,14.8,1,1,28.5,33.5,25.7,0,6.5,17.5,,,
36,36,8/12/2014,p,1,15.6,2,2,27,30,19.7,0,1.8,16.1,,,
36,36,8/13/2014,p,1,18,1,1,25.6,28.3,20.4,0,0,15.2,,,
36,36,8/19/2014,p,1,21.4,1,1,27.6,31.5,21.3,0,3.3,16.2,,,
36,36,9/3/2014,p,1,20.4,1,2,25.3,29.8,22,0,0,15.1,,,
36,36,9/11/2014,p,1,23.1,1,1,27.5,31.9,22.4,0,3,15.6,,,
36,36,9/26/2014,p,1,16.4,1,1,27.3,31.9,22.2,0,0.5,16.2,,,
38,38,10/6/2014,p,1,21.9,1,1,26.6,30.5,19.8,0,0,16.4,,,
39,39,7/22/2014,p,1,15,2,1,23,28,20,0,0,15,,,
39,39,7/31/2014,p,1,23.4,1,1,26.2,30,19.7,0,2.4,15.2,,,
39,39,9/24/2014,p,1,35.2,1,2,27.7,29.6,17.7,0,2.2,16.1,,,
39,39,9/29/2014,p,1,29.2,1,1,27.4,31.3,23.1,0,1,16.2,,,
39,39,10/14/2014,p,1,20.6,1,1,27.7,32.4,23.9,0,1.4,15.9,,,
40,40,7/22/2014,w,0,32,1,1,29,32,23,0,0.5,17,,,
40,40,9/24/2014,w,0,23.6,1,2,28.4,33.1,24.1,0,3.8,16.8,,,
41,41,7/26/2014,p,1,22.8,1,1,31,36.5,24.5,0,3,17.8,,,
41,41,9/14/2014,p,1,22.4,1,1,29.3,33.8,24.6,0,1.7,18.3,,,
41,41,11/17/2014,w,1,14.9,2,1,25.2,29.9,23.7,0,0,16.3,,,faint purple speckling - updated to purple
41,41,11/19/2014,w,1,16.3,1,1,26.2,30.7,23.5,0,0.4,17,,,v v v pale purple? P throat w corolla? - updated to purple
42,42,7/24/2014,p,1,25,1,3,25,30,22,0,3,16,,,
42,42,7/31/2014,p,1,24.6,1,2,26.6,29.5,18.3,0,5.8,15.4,,,squished
42,42,9/16/2014,p,1,18.3,2,1,25.8,30.2,23,0,0.2,14.8,,,
42,42,9/18/2014,p,1,18.3,1,1,25.9,28.9,21.7,0,5.8,15.9,,,
42,42,10/1/2014,p,1,29.2,1,2,26.1,31.3,23,0,3.4,15.9,,,
43,43,7/29/2014,p,1,28.6,1,1,29.8,35,22.2,0,1.9,18.8,,,
43,43,7/31/2014,p,1,25,1,1,26.2,30.4,22.2,0,3.2,16.8,,,
44,44,7/10/2014,p,1,23,2,1,25,,22,-0.5,5,14,,,
44,44,7/14/2014,p,1,21,2,1,27,,21,0,0,16,,1,
44,44,8/3/2014,p,1,28.4,1,1,29.1,32,20.1,0,1,16.6,,,
45,45,7/21/2014,w,0,27,1,1,22,26,14,0,0,15,,,dead ringer for lacunosa
45,45,7/31/2014,w,0,28.3,1,1,25,29.4,17.5,0,0,14.7,,,
45,45,8/3/2014,w,0,24.8,1,1,26,30.3,20.3,0,0,16,,,
45,45,10/2/2014,w,0,27.3,1,1,25.9,29.3,18.9,-0.5,2.2,14.2,,,
45,45,10/4/2014,w,0,26.4,1,1,23.9,28.6,19.9,0,0,14.2,,,
46,46,7/23/2014,p,1,28,1,1,27,31,19,0,0,17,,,
46,46,8/4/2014,p,1,13.9,1,1,25.9,29.2,20.9,0,0,16.1,,,
46,46,11/16/2014,p,1,20.1,1,1,26.3,29.5,22.1,0,0,16.2,,,
48,48,7/8/2014,p,1,23,1,2,24,,18,0,0,15,,,
48,48,7/10/2014,p,1,16,1,1,25,,20,0,4,14,,,
48,48,7/16/2014,p,1,20,1,1,26,,23,0,6,16,,,
48,48,7/18/2014,p,1,24,1,1,26,31,23,0,5,16,,,
48,48,7/20/2014,p,1,27,2,1,28,32,22,0,3,16,,,
48,48,7/21/2014,p,1,15,1,1,24,28,19,0,0,15,,,
48,48,7/29/2014,p,1,21.4,1,2,23.8,27.4,19,0,0,14.9,,,
48,48,7/31/2014,p,1,27.6,2,2,27.6,31.9,22.3,0,1.6,16.9,,,
48,48,8/3/2014,p,1,34.7,2,2,29.5,32.6,22.1,0,7.2,16.5,,,
48,48,8/4/2014,p,1,67.3,3,5,26.3,30.3,21,0,0,15.7,,,
49,49,8/1/2014,w,0,59.1,1,2,28.6,33,21.7,0,0,15.9,,,
49,49,9/1/2014,w,0,28.3,1,1,29.1,33.9,23,0,1.3,16.8,,,
49,49,9/24/2014,w,0,75.3,1,3,29,31.5,21.1,0,2.5,15.7,,,
49,49,9/29/2014,w,0,82.1,1,2,28.6,33.5,23.8,0,0,17.3,,,
49,49,10/1/2014,w,0,36.7,1,1,30,34.7,23.9,0,10.3,17.1,,,
50,50,7/10/2014,p,1,19,1,1,28,,21,0,4,16,,,
50,50,8/3/2014,p,1,14.7,1,1,30.2,33.6,22.6,0,0,17.4,,,
50,50,8/4/2014,p,1,18.5,1,1,27.2,30.4,21,0,0,16.6,,,
50,50,8/19/2014,p,1,17.7,1,1,30.3,34.6,23.1,0,0,17.8,,,
50,50,8/24/2014,p,1,51.9,1,2,28.2,33.2,23.1,0,0,17.5,,,
50,50,8/31/2014,p,1,37.1,1,2,27.5,33.5,23.8,0,0,16.3,,,
50,50,9/11/2014,p,1,23.2,1,2,27.8,32.8,23.1,0,2.4,16.6,,,
51,51,7/28/2014,p,1,9.7,3,1,24.2,26.7,20.7,0.5,0,15.9,,,
51,51,8/4/2014,p,1,12.2,1,1,24.1,26.9,19.2,0,0,15.9,,,
51,51,8/14/2014,p,1,10,1,2,24,26.3,15.8,0,0,15.3,,,
51,51,9/8/2014,p,1,9.7,2,1,24.9,27.7,21.4,0,0,14.9,,,
51,51,9/10/2014,p,1,11.2,1,1,26.4,27.8,21.1,0,0,16.7,,,
51,51,11/19/2014,p,1,13.1,1,3,24.3,28.2,20.1,0,0,15.3,,,
52,52,7/8/2014,p,1,22,1,1,26,,22,-0.5,0,14,,,
52,52,7/14/2014,p,1,19,1,1,25,,24,0,0,14,,1,
52,52,7/16/2014,p,1,19,2,1,28,,25,0,3,15,,,
52,52,7/20/2014,p,1,32,3,1,28,35,29,0,12,16,,,
52,52,7/21/2014,p,1,52,1,2,28,35,26,-0.5,9,15,,,
52,52,7/26/2014,p,1,54.6,2,2,27.5,31.5,19.1,0,8.4,14.5,,,
52,52,7/31/2014,p,1,49.3,1,2,27,32.5,25,0,6,15.7,,,
53,53,10/1/2014,p,1,30.4,1,1,32.4,36.6,25.2,0,3.3,18.6,,,
53,53,11/13/2014,p,1,14,2,1,28.2,32.2,23,0,0,15.4,,,
53,53,11/23/2014,p,1,23.3,1,2,27.6,31.7,23,0,1.6,16.7,,,
55,55,7/23/2014,p,1,30,1,1,30,36,25,0,18,18,,,
55,55,7/24/2014,p,1,24,1,1,28,33,15,0,3,18,,,squished
55,55,8/3/2014,p,1,31,1,1,32,37.2,25.3,0,12.9,17.9,,,
55,55,9/26/2014,p,1,27.3,1,3,30.9,36.2,26,0,9.7,17.7,,,
55,55,9/30/2014,p,1,34.9,1,1,30.7,35.9,25.1,0,3.4,18,,,
56,56,7/21/2014,p,1,23,1,1,24,28,18,0,0,15,,,
56,56,7/26/2014,p,1,21.8,1,2,22.2,25.4,18.7,0.5,0,14.4,,,
56,56,9/24/2014,p,1,30.1,1,2,27.7,31.9,23.5,0,6,16.9,,,
56,56,10/18/2014,p,1,27.4,1,3,26.4,29.8,22.5,0,6.4,16.3,,,
56,56,11/17/2014,p,1,19.2,1,1,26,29.6,21.7,0,2.9,15.6,,,
56,56,11/24/2014,p,1,18.6,1,1,24.8,29.3,22.5,0,3,15.4,,,
57,57,7/23/2014,w,0,21,1,2,27,32,20,0,0,17,,,
57,57,9/11/2014,w,0,21.2,1,2,25.4,28.7,18.4,0,0,15.6,,,
58,58,9/30/2014,p,1,37.2,2,2,27.6,32.4,25.3,0,2.3,16.8,,,
58,58,10/3/2014,p,1,30.6,1,2,26.8,30.8,26,0,4,17.6,,,
58,58,10/4/2014,p,1,25.2,1,1,27.4,32.3,23.2,0,0,16.3,,,
58,58,10/14/2014,p,1,34.4,2,2,27.2,31.8,25.5,0,0.7,17.4,,,
58,58,10/16/2014,p,1,19.8,2,2,25.9,31.2,23.7,0,0,16.3,,,
59,59,7/22/2014,p,1,22,1,1,27,30,15,0,0.5,16,,,slightly squished
59,59,9/19/2014,p,1,20.1,1,1,27.4,32,23.2,0,3.8,16.3,,,
59,59,9/24/2014,p,1,31.6,1,2,28.8,33.7,23.9,0,6,17.4,,,
59,59,9/26/2014,p,1,38,1,2,27.4,32.9,24,0,7.8,16.5,,,
59,59,9/30/2014,p,1,32.6,1,2,27.2,31.8,23.1,0,1.2,16.6,,,
60,60,7/20/2014,p,1,19,1,1,24,29,23,0,1,15,,,
60,60,8/20/2014,p,1,19.1,1,1,27.4,31.5,23.1,0,0,17.1,,,
62,62,11/19/2014,p,1,20.1,1,2,27.9,30.1,16.4,0,0.8,16.9,,,
62,62,2/10/2015,p,1,16.7,1,1,27.1,31.3,23.6,0,1.1,16.7,,,
63,63,9/14/2014,p,1,16.1,1,1,22.8,24.6,16.4,0.5,0,15.2,,,
63,63,10/16/2014,p,1,25.1,1,1,27.5,29.9,19.8,0,6.7,16.6,,,
63,63,10/27/2014,p,1,21.4,1,2,26.6,29.7,18.8,0,0,15.9,,,
63,63,11/5/2014,p,1,27.7,1,2,23.6,26.6,17.9,0,0,14,,,
63,63,11/18/2014,p,1,16,1,1,25.3,27.3,17,0,0,15.5,,,
63,63,11/19/2014,p,1,15.8,1,1,24.7,27.1,16.2,0,0.7,15.3,,,
64,64,10/1/2014,w,0,27.4,1,1,26.7,31.2,23.6,0,0,16.6,,,
64,64,10/14/2014,w,0,28.3,1,3,28.3,34,25,0,0,17.4,,,
65,65,12/11/2014,w,0,15.5,2,2,21.5,24.2,18.3,0,2.2,13.1,,1,
65,65,2/24/2015,w,0,13.21,2,1,23.4,26.9,19.9,0,0.7,13.4,,,
66,66,11/17/2014,p,1,12,1,1,26.5,30.5,23,0,0,15.2,1,,triple stigma
66,66,11/19/2014,p,1,12.5,2,1,29.1,32.3,22.5,0,0,17.4,1,,
66,66,11/24/2014,p,1,19.2,2,3,27,30.6,23.7,0,0,14.4,1,,
66,66,11/29/2014,p,1,12.5,2,2,26.1,30.1,25.5,0,0,14.3,1,,"sad anthers, triple stigma"
66,66,12/4/2014,p,1,18.2,2,3,26.7,29.9,22.5,0,0,16.8,1,,
70,70,9/5/2014,p,1,24.1,1,1,27.3,33.4,25.1,0,0.6,18.1,,,
70,70,9/6/2014,p,1,22.4,1,2,27.4,33.3,26.6,0,0,,,,
70,70,9/15/2014,p,1,30.8,2,2,29.1,33.7,25.7,0,0,19,,,
70,70,9/16/2014,p,1,54.6,1,3,29.3,35,27.9,0.5,4.1,19.8,,,
70,70,9/30/2014,p,1,45.3,1,3,26.1,32.6,26.6,0,2.1,19.2,,,
70,70,11/17/2014,p,1,23.6,1,1,28.7,32.3,21.6,0,1.3,17.9,,,
71,71,8/3/2014,p,1,35.7,1,1,29.2,33.7,24.5,0,8.3,18,,,
71,71,9/11/2014,p,1,21,1,1,26.9,31.6,23.1,0,0,16.5,,,
71,71,9/14/2014,p,1,21.2,1,2,28.8,31.3,22.3,0,1.9,17.7,,,
71,71,9/16/2014,p,1,41.2,1,2,29.3,34.3,25.9,0,2.9,17.9,,,
71,71,9/20/2014,p,1,48.3,1,2,27.2,31.8,24.1,0,1.8,17.1,,,
71,71,11/17/2014,p,1,18,1,1,27,29.9,20.8,0,0.3,15.4,,,
72,72,10/29/2014,p,1,25,1,2,26.9,30.7,20.6,0,,14.9,,,
72,72,11/17/2014,p,1,31.7,2,2,26.8,31.3,21.4,0,,14,,,
72,72,11/23/2014,p,1,25.5,1,2,25.4,28.8,19.7,-0.5,3.1,13.7,,,
72,72,11/24/2014,p,1,34.7,1,2,26.2,30.4,21.9,-0.5,2.1,13.9,,,
73,73,10/31/2014,p,1,18.3,1,1,26.8,30.3,19.3,0,7.9,15.4,,,
74,74,8/12/2014,w,0,35.5,1,2,27.8,29.5,19.1,0,0,17.3,,,
74,74,8/21/2014,w,0,27.4,1,2,26.3,30,21.7,0,3.8,17.3,,,
74,74,9/1/2014,w,0,23.5,1,1,27.8,30.5,21.1,0,4.9,16.8,,,
74,74,9/4/2014,w,0,26,1,2,27.4,30.4,22.9,0,0,18.2,,,
74,74,9/5/2014,w,0,33.7,3,2,27,30.9,21.9,0,5.3,17.2,,,
75,75,2/4/2015,p,1,11.2,2,1,22.9,26.8,18.5,-1,0,12.6,,,
76,76,10/29/2014,p,1,20.9,1,1,26.3,30.9,21,0,0,16.1,,,
77,77,7/9/2014,p,1,21,1,2,25,,21,-0.5,1,19,,,
77,77,7/14/2014,p,1,21,1,2,24,,17,-0.5,0,13,,1,
77,77,7/16/2014,p,1,14,1,1,23,,18,0,1,14,,,
77,77,7/24/2014,p,1,14,1,1,23,27,17,0,0,13,,1,
77,77,10/8/2014,p,1,19.2,1,2,27.3,30.7,21,0,2.3,14.3,,,
77,77,11/17/2014,p,1,22.6,1,1,26.7,31.2,21.6,0,0.5,14.8,,,
77,77,11/23/2014,p,1,15.9,1,1,26,29.4,20.3,0,0,14.4,,,
79,79,10/31/2014,p,1,28.2,1,3,27.9,31.6,23.4,0,1.2,16.4,,,
79,79,11/4/2014,p,1,103.7,1,4,26.4,29.6,21.1,0,0,15.5,,,
80,80,11/6/2014,w,0,18.8,1,1,25.2,29.3,18.3,0,0,15,,,
80,80,11/14/2014,w,0,27.6,1,2,27,30.5,19.2,0,0.8,16.4,,,
80,80,11/16/2014,w,0,20.6,1,1,27.3,30.1,19.4,0,0,16.3,,,
80,80,11/24/2014,w,0,13.7,1,1,26.5,30.7,21.6,0,0,16,,,
81,81,7/31/2014,w,0,16.4,1,1,24.9,28.7,19.9,0.5,1.2,17,,,
81,81,9/5/2014,w,0,25.2,1,3,22.3,26.4,19.7,0,0,14.7,,,
81,81,9/6/2014,w,0,24.2,1,1,26.5,30.8,20.9,0.5,0.7,16.2,,,
81,81,10/4/2014,w,0,45.1,3,3,26.1,29.6,18.4,0,0,16.2,,,
81,81,11/9/2014,w,0,16,1,1,22.5,26.8,18.5,0,1.2,14.8,,,
83,83,8/2/2014,w,0,20.1,1,1,27.5,30.9,20.3,0,0.7,17.4,,,
83,83,11/6/2014,w,0,27.8,1,1,24.9,28.8,19,0,0,14.1,,,
83,83,11/12/2014,w,0,22.3,2,1,25.5,29.5,18.9,0,0,13.7,,,
83,83,11/23/2014,w,0,16.3,1,1,26,29.8,21.3,0,0,13.8,,,
84,84,7/21/2014,p,1,25,1,1,26,31,15,0,0,15,,,squished
84,84,10/17/2014,p,1,23.1,1,1,26.4,30.7,21.7,0,0,15,,,crappy anthers?
84,84,10/31/2014,p,1,23.6,1,1,26.7,31.6,22.3,0,0.9,15.4,,,
84,84,11/4/2014,p,1,34,1,2,28.8,31.9,19,0,0.4,15.3,,,
84,84,11/5/2014,p,1,24.4,1,1,29.3,32.7,20.6,0,0,16.2,,,
86,86,9/8/2014,p,1,15.2,2,1,24,27.3,20.9,0,1.7,15.9,,,
86,86,9/10/2014,p,1,13.1,1,1,22.1,25.8,18.8,0,0,15,,,
86,86,9/12/2014,p,1,14.5,3,1,25.7,29.8,22.3,0,2.3,16.7,,,
86,86,9/14/2014,p,1,11.7,1,1,25.2,28.9,22.2,0,1.7,15.8,,,
86,86,10/1/2014,p,1,21.5,1,1,27.6,32.1,24.4,0,9.2,16.6,,,
86,86,10/6/2014,p,1,18.8,6,1,27,32.2,24,0,4.9,17.4,,,
87,87,12/3/2014,w,0,15.9,1,1,24.5,28.1,17,0,0,13.4,,,
88,88,9/14/2014,p,1,19,2,2,26.9,31,24.7,0,0,16.1,,,
88,88,9/15/2014,p,1,18.7,1,2,25,29.9,22.8,0,0,15.9,,,
88,88,9/19/2014,p,1,21,1,1,26.4,30.8,22.1,0,1.2,16,,,
88,88,10/14/2014,p,1,13.5,1,1,27,31.6,23.7,0,0.7,15.7,,,
88,88,10/18/2014,p,1,13.6,1,2,26.8,29.5,20,0,2.8,14.9,,,
90,90,10/29/2014,w,0,23.2,1,1,28.2,32.5,24,0,0,17.1,,,
90,90,11/5/2014,w,0,16.8,1,1,25.7,29.8,20.8,0,0,15.9,,,
91,91,10/4/2014,p,1,17,1,1,29.7,32.4,18.8,0,5,18.1,,,
91,91,11/19/2014,p,1,17.2,2,1,28.3,30.9,19.9,0,2.8,18.6,,,
92,92,9/15/2014,p,1,37,1,3,28.5,32.1,23.3,0,4,15.8,,,
92,92,9/16/2014,p,1,30.6,2,2,27,30.4,22.5,0,7.3,15.5,,,
92,92,11/25/2014,p,1,22.6,1,2,28.7,33.3,24.3,0,2.1,15.7,,,
93,93,9/11/2014,w,0,24.4,1,1,27.3,29.8,20.4,0,0,15.6,,,
93,93,9/18/2014,w,0,38.5,1,2,28.9,31.8,23.8,0,0,17.8,,,
93,93,10/31/2014,w,0,19.2,1,1,25.9,31.8,21.5,0,0,17.1,,,
93,93,11/6/2014,w,0,25.4,1,1,28,33,21.9,0.5,0,17.4,,,
93,93,11/7/2014,w,0,25.5,1,1,29.6,34.6,25.9,0,0.5,18.4,,,
94,94,8/13/2014,p,1,13.8,1,2,25,28.6,18.7,0,0,15.3,,,
94,94,9/14/2014,p,1,22.1,1,2,26.3,30.1,20.4,0,0,15.6,,,
94,94,10/1/2014,p,1,15.6,1,1,26,29,19.7,0,0.8,15.9,,,
94,94,10/6/2014,p,1,18.3,1,1,27.3,31.6,21.2,0,1.4,16.4,,,
94,94,10/8/2014,p,1,21.1,1,1,27.9,32.2,21,0,4.3,16.2,,,
94,94,10/27/2014,p,1,20.1,2,1,25.4,28.2,18.7,0,0,14.5,,,
95,95,9/4/2014,p,1,34.9,1,3,29.2,33.5,24.5,0,2.5,18.2,,,
95,95,11/4/2014,p,1,32.8,1,1,28.6,31.6,20.6,0,0.3,17.3,,,
95,95,11/17/2014,p,1,44.7,1,1,32,35.2,24.9,0,3.8,18.5,,,
95,95,2/18/2015,p,1,20,1,1,26.8,30.7,19.2,0,0,18.6,,,
98,98,10/1/2014,p,1,17.9,1,1,27.2,31.5,22.8,0,0,16.1,,,
98,98,10/29/2014,p,1,22.6,1,1,27.5,30.9,18.5,0,0.7,15.4,,,
99,99,12/3/2014,p,1,22.1,1,1,27.8,32.3,24.3,0,0,17,,,
99,99,12/4/2014,p,1,22.4,1,1,27.6,33,22.1,0,0.6,16.8,,,
101,101,7/21/2014,p,1,22,1,1,24,31,22,0,1,15,,,
101,101,10/29/2014,p,1,21.8,1,2,25.8,30.8,21.7,0,0,16.1,,,
101,101,11/6/2014,p,1,24.1,1,2,23.8,29.2,20.2,0,0,14.8,,,
105,105,9/17/2014,p,1,39.5,1,2,28.8,32.6,23.2,0,0,17.5,,,
105,105,9/18/2014,p,1,39.6,1,2,26.2,30.8,22.2,0,1.4,17,,,
105,105,10/19/2014,p,1,32,1,2,32.1,37.4,26.7,0,1,18.3,,,
105,105,10/31/2014,p,1,35.1,1,1,31.1,36.9,25.2,0,3.2,17.7,,,
106,106,7/10/2014,p,1,24,1,2,29,,20,-0.5,0,15,,,
106,106,7/20/2014,p,1,20,1,1,26,29,15,0,3,16,,,super dark
106,106,7/28/2014,p,1,17.6,2,1,27.4,28.6,16.5,0,0.6,14.7,,,
106,106,8/2/2014,p,1,30.2,1,2,28.6,31.7,19.2,0,0,16,,,selffertile
106,106,8/3/2014,p,1,33.8,1,2,27.8,31.5,19.9,0,0,15.6,,,
106,106,8/19/2014,p,1,19.3,1,2,27.3,33,21.6,0,0.9,16.2,,,
107,107,12/3/2014,w,0,18.6,1,1,26.8,30.1,20.5,0,0,15.3,,,
109,109,9/30/2014,p,1,21,1,1,25.8,29.6,21.8,0,2.2,15.6,,,
110,110,11/28/2014,p,1,12.1,1,1,21.9,26.3,20.4,0,0,14.2,1,,sfs?
112,112,9/12/2014,p,1,17.5,1,1,29.5,34.5,23.8,0,0,17.4,,,w. tgroat?
114,114,8/15/2014,p,1,22.6,1,1,23.6,27,18.2,0,0,15.8,,,
115,115,10/1/2014,p,1,30.4,1,2,27.2,30.7,22.3,0,4.9,16.9,,,
115,115,10/17/2014,p,1,16.9,1,1,27.8,32.1,23.1,0,0.4,17.1,,,
115,115,10/27/2014,p,1,20.2,1,2,26.5,30.3,21.1,0,0,16.2,,,
115,115,11/16/2014,p,1,33.6,1,3,26.5,30.3,21.8,0,0.6,15.4,,,
115,115,11/17/2014,p,1,14.9,1,1,25.9,30,21.1,0,0,16,,,stripy
116,116,2/4/2015,p,1,17.45,1,1,29.9,33.9,19.2,0,1.3,16.5,,,
116,116,3/4/2015,p,1,12.9,1,1,28.7,32.5,21.2,0,2.1,16.5,,,
117,117,8/3/2014,p,1,15.9,1,1,28.8,31.9,20.4,0,0,17,,,
118,118,11/14/2014,p,1,19.5,1,1,24.9,28.4,18.4,0,0,13.9,,,
119,119,8/18/2014,w,0,25.2,1,2,28,30.7,21.4,0,2.8,15.2,,,
119,119,9/7/2014,w,0,24.7,1,1,28.9,31.5,19.9,0,0,15.9,,,
119,119,11/16/2014,w,0,24.4,1,2,26,30,20.5,0,1.1,14.6,,,
119,119,11/25/2014,w,0,22.5,1,1,26.2,30.9,21.5,0,2.8,14.5,,,
120,120,11/7/2014,p,1,31.6,1,1,30,34.4,22.8,0,6.7,19,,,
120,120,11/16/2014,p,1,20.9,1,1,26.2,30.6,21.9,0,3.1,17.4,,,
120,120,11/19/2014,p,1,19.9,1,1,26.4,31.4,21.8,0,3.6,18.2,,,
121,121,7/20/2014,p,1,18,1,1,24,26,18,0,0,14,,,squished
121,121,7/21/2014,p,1,23,1,1,26,28,16,0,0.5,14,,,slightly squishe
121,121,7/22/2014,p,1,18,1,1,24,26,16,0,0.5,14,,,
121,121,8/1/2014,p,1,24.3,1,2,26.7,29.7,19.1,0,2.6,16.2,,,
121,121,9/17/2014,p,1,15.1,1,1,25.1,28.8,20.6,0,0,15.2,,,
121,121,11/17/2014,p,1,40.8,1,2,23.7,27.8,19.3,0,0,13.6,,,
122,122,9/1/2014,w,0,24,1,1,29.1,34.9,23.8,0,0,17.9,,,
122,122,9/3/2014,w,0,25.1,1,1,26.5,31.3,23.4,0,1.8,17,,,
122,122,10/31/2014,w,0,29.2,1,1,30.4,35,23.8,0,0.8,17.8,,,
122,122,11/18/2014,w,0,25.4,1,1,25.7,29.2,16.7,0,0.4,15.9,,,
123,123,7/24/2014,p,1,26,1,1,24,29,17,0,1,16,,1,
123,123,10/31/2014,p,1,21.6,1,1,27.9,32.2,22.9,0,4.2,17.2,,,
124,124,11/17/2014,p,1,16.9,1,1,27,30.7,19.2,0,1.2,16.9,,,
125,125,8/1/2014,p,1,17,1,2,26.2,29.9,20.4,0,0.8,17,,,
126,126,8/1/2014,p,1,36.6,1,2,25.9,28.2,20.5,0,1.7,15,,,squished
126,126,8/2/2014,p,1,60.2,1,3,27.6,31,20.9,0,4.9,15.8,,,
126,126,8/3/2014,p,1,23,1,1,28.2,33.3,22.6,0,4.5,16.1,,,
126,126,8/5/2014,p,1,30.4,1,1,25,28.3,20.1,0,5.9,14.2,,,squishef
126,126,8/31/2014,p,1,50,2,2,28.2,32.7,22.5,0,2.2,16.6,,,
127,127,3/4/2015,w,0,20.4,1,2,25,28.2,18.1,0,0,13.4,,,
128,128,8/15/2014,p,1,15,1,1,26.9,31.7,21.4,0,2.5,16.6,,,
128,128,8/24/2014,p,1,36.2,1,3,28.4,33.6,24,0,4.3,17.7,,,
128,128,9/3/2014,p,1,18.5,2,1,28.9,33.2,23,0,1.9,17.2,,,
128,128,9/4/2014,p,1,28.1,2,1,26.1,32.9,24.4,0,2.2,16.7,,,
128,128,9/5/2014,p,1,22.8,2,1,27.4,31.8,20.8,0,6.4,17.6,,,
128,128,9/6/2014,p,1,23.4,4,1,27.5,33,23.9,0,1.3,17.2,,,
128,128,9/10/2014,p,1,50.3,1,2,29.3,33.9,23.3,0,0,17.7,,,
128,128,9/14/2014,p,1,25.5,2,1,30.4,35.6,25.7,0,5.5,18,,,
130,130,8/5/2014,p,1,25.5,1,1,25.8,29.1,21.2,0,7.1,15.1,,,
130,130,8/19/2014,p,1,19.6,1,1,24.3,28.1,19.3,0,0,14.9,,,torn
130,130,9/1/2014,p,1,19,2,2,25.2,30.3,21.3,0,0.5,15,,,
130,130,9/3/2014,p,1,19.5,1,1,24.8,29.1,21.6,0,0,14.8,,,
130,130,9/12/2014,p,1,19.9,2,2,27.9,31.4,21.7,0,1.4,15.1,,,d throat?
130,130,9/17/2014,p,1,36.4,1,3,25.9,28,19,0,0,14.7,,,
130,130,9/18/2014,p,1,23.3,2,2,23.7,27.7,18.7,0,1.7,13.8,,,
131,131,9/28/2014,w,0,18,1,2,24.8,29.4,22.4,0.5,0,14.6,1,,
131,131,11/19/2014,w,0,13.5,2,2,24.7,27,19.2,1,,15.8,1,,pollen sfs? No seeds
131,131,11/25/2014,w,0,12.7,1,2,26.3,28.9,22.1,0.5,0,16,1,,
132,132,8/14/2014,p,1,18.1,1,1,26.4,31.5,23.4,0,0,15,,,
133,133,7/14/2014,p,1,16,1,2,24,,20,0,0.5,17,,1,
133,133,7/31/2014,p,1,25.1,1,2,26.7,30,,0.5,1.5,16.5,,,dark
133,133,11/16/2014,p,1,15.9,1,1,25.1,26.9,15.2,0,0.6,16.3,,,
133,133,11/17/2014,p,1,14.5,1,1,24.3,28.3,20.6,0,0,15.4,,,
133,133,11/24/2014,p,1,13.7,1,1,27.7,30.8,21.8,0,1.3,17.3,,,
134,134,9/2/2014,w,0,18.5,1,1,28.9,32.5,20.2,0.5,1.4,17.9,,,
134,134,11/23/2014,w,0,18,1,1,27,31.8,22.7,0.5,3.2,17.8,,,
134,134,11/25/2014,w,0,17.5,2,1,29.2,33.6,23.4,0,7.4,17.5,,,
134,134,11/28/2014,w,0,23.1,1,2,25.8,31.3,21.2,0,1.9,17.3,,,
135,135,11/19/2014,p,1,13.1,1,1,25.8,29.6,21.4,0,0,14.5,,,flower too small for seat
136,136,7/23/2014,w,0,24,1,1,26,30,19,0,0,17,,,slightly squished
136,136,10/15/2014,w,0,13.6,1,1,25.4,29.8,22.3,0,0,15.7,,,
136,136,10/29/2014,w,0,18.7,1,1,26.8,30.5,21.3,0,0,16.1,,,
137,137,9/4/2014,p,1,30.1,1,2,26.7,30.8,19.8,0,8.9,15.3,,,"p corolla, w throat"
137,137,9/6/2014,p,1,36.5,1,2,25.6,30.5,21.1,0,6.6,14.4,,,"p corolla, w throat"
137,137,9/17/2014,p,1,15,1,1,25.6,29.3,20.4,0,0,14.6,,,
137,137,9/18/2014,p,1,24.9,1,1,26.8,30.4,21.6,0,0,14.4,,,w.throat
137,137,9/19/2014,p,1,23,2,1,26.5,29.3,21.8,0,0,14.4,,,w throat
137,137,11/25/2014,p,1,15.4,5,2,26.9,30,20,0,4.6,15.5,,,
138,138,9/3/2014,w,0,21.7,1,2,29.2,34.4,23.2,0,3.5,17.5,,,
138,138,9/19/2014,w,0,19.6,2,1,29,32.8,24.2,0.5,0.9,17.5,,,
138,138,10/14/2014,w,0,20.5,1,1,32.2,36.8,22.3,0,4.4,16.6,,,
138,138,11/2/2014,w,0,13.6,1,1,26.8,30.4,19.7,0,1.5,15.7,,,
138,138,11/3/2014,w,0,16.3,1,1,28.7,30.9,16.4,0,0.7,16.1,,,
139,139,7/29/2014,p,1,26.9,1,1,28.4,31.7,20.7,0,0,16.4,,,
139,139,10/8/2014,p,1,22.7,1,1,26.3,31.1,22.2,0,0,15.2,,,
139,139,10/14/2014,p,1,34.9,1,2,29.3,34.4,24,0,3.6,16.5,,,
139,139,10/16/2014,p,1,18.1,1,1,28.1,31.9,21.8,0,2.1,15.9,,,
139,139,10/18/2014,p,1,18.8,1,2,27.9,30.4,20.7,0,0,15.7,,,
140,140,8/14/2014,p,1,20.8,1,2,26.6,30.8,23.8,0,1.2,16.7,,,
141,141,7/8/2014,p,1,12,1,1,21,,20,0,0.5,13,,,
141,141,7/9/2014,p,1,13,3,1,24,,20,0,0,15,,,
141,141,7/10/2014,p,1,12,2,1,23,,20,0,1.5,14,,,
141,141,10/14/2014,p,1,12.5,2,1,26.6,30.9,22,0,0,15.5,,,
141,141,11/3/2014,p,1,14.5,1,1,25.8,31.2,22.4,0,0.9,16.3,,,
141,141,11/7/2014,p,1,9.8,1,1,26.3,30.1,21.6,0,4.4,15.9,,,
141,141,11/18/2014,p,1,31.8,1,2,28.5,33.2,24.4,0,1.9,16.4,,,
141,141,11/25/2014,p,1,13.6,2,1,28.8,33.3,22.5,0,5.9,16.6,,,
142,142,7/21/2014,p,1,28,3,1,29,32,21,0,0,16,,,
142,142,7/31/2014,p,1,19.9,1,1,27.6,29.4,20.8,0,0,15.1,,,
143,143,11/25/2014,p,1,22.3,1,2,31.1,35.1,21.3,0,4.4,16.7,,,
144,144,8/3/2014,w,0,16,1,1,26.1,30.1,20.4,0,0,16.8,,,
144,144,10/14/2014,w,0,22.7,1,2,28.4,32.6,21.8,0,5.3,16,,,
144,144,10/15/2014,w,0,21.3,1,2,27.3,31.6,21.6,0,4.2,16.9,,,
144,144,10/17/2014,w,0,19.7,1,1,27.2,30.5,20.7,0,0,15.9,,,
144,144,10/18/2014,w,0,25.6,1,2,26,30.9,22.4,0,1.3,16.7,,,
145,145,8/13/2014,p,1,24.6,1,1,27.6,32.9,22.9,0,2.5,16.8,,,
145,145,2/4/2015,p,1,14.5,1,1,25.6,29.9,21.8,0,0.7,16.6,,,
146,146,7/9/2014,p,1,20,1,1,24,,21,0,4,15,,,
146,146,7/31/2014,p,1,35.4,1,2,26.7,31.1,20,0,1.3,15.9,,,
146,146,10/18/2014,p,1,23.5,1,1,28.2,32.6,23.9,0,2.6,15.1,,,
146,146,11/18/2014,p,1,14.4,1,1,24.8,26.5,16.4,0,0,14,,,
148,148,8/3/2014,p,1,17.7,1,1,30.2,34.8,24.7,0,2.5,18.3,,,
148,148,10/16/2014,p,1,18.5,1,2,27.8,34,26,0,10.3,17.1,,,
148,148,10/17/2014,p,1,16.1,1,1,23.9,29.1,22.6,0,0,15.7,,,
148,148,12/2/2014,p,1,14.2,1,1,28.5,33.2,25.5,0,1.9,17.1,,,
149,149,7/8/2014,p,1,15,1,1,21,,17,0,0,15,,,
149,149,7/24/2014,p,1,21,1,1,24,29,18,0,0,16,,,
149,149,10/20/2014,p,1,23,1,1,27.9,30.8,20.4,0,0.5,16.2,,,
149,149,11/16/2014,p,1,23.6,1,1,25.2,29,20.3,0,0,15.4,,,
150,150,7/21/2014,p,1,18,1,1,24,28,19,0,0,16,,,
150,150,7/26/2014,p,1,17.6,1,1,25.6,29.3,19.5,0,0,17,,,
150,150,10/6/2014,p,1,24.3,,1,27.6,31.4,23.5,0,2.8,16.6,,,
150,150,11/23/2014,p,1,14.3,1,1,26.4,31,21.9,0,7.2,17.2,,,
151,151,7/24/2014,p,1,24,1,1,23,27,16,0,2,16,,,dark
151,151,10/8/2014,p,1,15.5,1,1,27.6,31.5,21.8,0,0,17,,,
151,151,10/14/2014,p,1,21.3,1,1,27.1,32,22.5,0,3.6,16.2,,,
151,151,10/15/2014,p,1,22.6,1,2,31,32.5,19,0,0,17.1,,,
151,151,10/16/2014,p,1,19.9,1,3,27.2,31.1,21.8,0,1.7,17.4,,,
152,152,10/4/2014,w,0,15.8,1,1,26.2,30.8,20.8,0,0,15.8,,,
152,152,10/14/2014,w,0,28.8,1,2,28.2,32.3,23,0,3.2,16.5,,,
152,152,10/16/2014,w,0,22,1,2,27.2,31.9,22.6,0,3.7,16.3,,,
152,152,11/2/2014,w,0,23.2,1,2,27.4,30.9,20.6,0,4.3,15.7,,,
153,153,10/6/2014,p,1,23.6,1,1,28.5,32.7,23.4,0,1.1,15.4,,,
153,153,10/8/2014,p,1,24.2,1,1,28.4,33,24.8,0,2.1,16.5,,,
153,153,10/17/2014,p,1,20.6,1,1,28,32.5,22.6,0,0,15.8,,,
153,153,10/20/2014,p,1,22,1,1,28.3,32.2,20.7,0,0,16.5,,,
153,153,11/5/2014,p,1,29,1,1,28.7,32.7,23.7,0,6.5,16.5,,,
154,154,10/14/2014,p,1,13.9,2,1,27.6,30.4,16.8,0.5,0,16.3,1,,
154,154,10/15/2014,p,1,12.3,1,1,26.9,29,17.2,1,0,16.1,1,,
154,154,10/18/2014,p,1,11.3,1,1,26.4,29.1,19.7,0.5,0,15.6,1,,looks like sterile flowers
154,154,11/7/2014,p,1,11.2,1,1,24.8,29.2,19.3,1,0,15.6,1,,
154,154,11/14/2014,p,1,20.8,1,2,24.4,26.9,15.9,0.5,0,14.3,1,,
155,155,7/31/2014,p,1,49,1,2,27.4,32.8,23.7,0,8.3,14.8,,,
155,155,8/4/2014,p,1,52.4,1,2,25.9,30.2,21.7,0,4.5,14.5,,,
155,155,9/3/2014,p,1,23.8,1,1,26.9,32.7,23.6,-0.5,2.4,15.1,,,
155,155,10/15/2014,p,1,27.7,1,1,28.1,33.4,24.4,0,4.3,15.2,,,
155,155,10/18/2014,p,1,21.4,1,1,29.5,33.9,24.6,0,7.8,15.5,,,
156,156,10/14/2014,p,1,19.3,2,1,27.6,32.6,25,0,2.5,15.1,,,
156,156,10/29/2014,p,1,19.8,1,1,26.5,31,22.1,0,0,14.8,,,
156,156,11/14/2014,p,1,13.3,1,1,23.9,29.1,22,0,0,13.8,,,
156,156,11/16/2014,p,1,60.9,2,4,25.2,29.1,19.7,-0.5,0,,,,
156,156,11/25/2014,p,1,15.5,1,1,28.3,32.5,24.3,-0.5,3,15.4,,,
157,157,7/31/2014,p,1,21.3,2,1,25.4,28.4,19,0,1,15.4,,,dark
157,157,10/18/2014,p,1,16.2,1,1,26.9,30.1,19,0,0,17.3,,,
157,157,10/31/2014,p,1,18.5,1,1,26.4,31.3,24.6,0,0,16.4,,,
158,158,7/29/2014,p,1,15.2,1,2,26.7,30,20,0,0,16.3,,,
158,158,10/18/2014,p,1,23.8,2,2,26.9,31.5,20.9,0,0,17.2,,,
158,158,10/19/2014,p,1,20.2,1,1,25.8,29.9,19.7,0,0,16.6,,,
158,158,11/3/2014,p,1,16.4,1,1,28.1,31.9,20.9,0,1.9,16.7,,,
158,158,11/5/2014,p,1,14,1,1,26.2,30.2,19.2,0,0.9,15.8,,,
160,160,9/17/2014,p,1,28.9,1,2,26.4,29.6,19.4,0,0,16.3,,,
160,160,10/15/2014,p,1,18.5,2,1,28.1,33.2,22.7,0,7,17.3,,,
160,160,10/16/2014,p,1,17.2,1,1,28.5,33.1,22.2,0,0.9,18,,,
160,160,10/18/2014,p,1,21.3,1,1,28.3,31.1,20.1,0,0.8,17.4,,,
160,160,11/9/2014,p,1,14.4,2,1,25.7,29.3,18.1,0,0.9,15.9,,,
162,162,9/18/2014,w,0,19.6,1,1,26,30.2,21.6,0,0,15.6,,,
162,162,10/16/2014,w,0,25.2,1,2,29.4,33.4,23.3,0,1.4,17,,,
162,162,10/20/2014,w,0,46.4,1,3,27.5,31.1,22.1,0,0,16.5,,,
163,163,8/3/2014,p,1,23.9,1,2,26.2,30.6,21.7,0,5.7,16.4,,,
163,163,8/4/2014,p,1,12.5,1,1,25.3,28.5,21.7,0,1.3,15.5,,,
163,163,10/6/2014,p,1,19.8,1,1,26.8,31.5,23.2,0,6.6,15.8,,,
163,163,10/8/2014,p,1,19.8,1,2,26.6,30.2,20.7,0,4.4,15.5,,,
163,163,10/15/2014,p,1,18.3,2,1,28.2,32.3,23.8,0,0,16.5,,,
164,164,10/14/2014,w,0,44.2,1,4,29.4,33.4,23.1,0,0.9,16.8,,,
164,164,11/2/2014,w,0,11.6,1,2,30,33.2,21.6,0.5,0,17.5,,,possible sfs
164,164,11/5/2014,w,0,11.7,1,1,28.7,32.7,22.6,0,0,17.3,,,
164,164,11/17/2014,w,0,12.5,1,1,27.2,31.1,23.7,0,0,15.3,,,
164,164,11/24/2014,w,0,12.1,1,1,29.4,33.1,23,0.5,0,17.7,,,pollen sfs
164,164,12/4/2014,w,0,11.5,1,1,25.4,28.8,19.4,0,0,14.9,,,slightly malformed
165,165,9/7/2014,p,1,24.7,1,3,24.8,28.8,19.7,0,1.3,14.5,,,
165,165,9/27/2014,p,1,12.9,1,1,23.1,27.3,20.3,0,1.6,14.3,,,
165,165,10/8/2014,p,1,27.9,2,3,25.5,28,18.2,0,0,14.9,,,
165,165,10/15/2014,p,1,17.8,2,1,27.5,31.8,21.5,0,0.6,15.2,,,
165,165,10/16/2014,p,1,30.3,1,2,26,30.6,21.7,0,4.6,15.7,,,
166,166,7/17/2014,w,0,20,1,1,26,,20,0,1,16,,,
166,166,7/22/2014,w,0,32,1,2,28,32,18,0,1,17,,,
166,166,7/24/2014,w,0,19,1,1,26,30,14,0,0,15,,1,squished; threepronged stigma
166,166,7/28/2014,w,0,15.3,1,1,28.4,31.9,22.4,0,1,17.9,,,
166,166,9/2/2014,w,0,23.2,1,1,27.8,30.8,21.5,0,0,16.9,,,slightly squished
167,167,10/4/2014,w,0,30.3,1,3,28.2,30.7,20,0,0,14.3,1,,trlobed stigma; anthrrs bad?
167,167,10/8/2014,w,0,26.9,1,3,27.7,29,17.8,0,0,17,1,,crappy anthersband weirdly thick corolla loke 199 and 280
167,167,11/6/2014,w,0,12,1,1,24.7,28.4,19.7,0,0,14.8,1,,sad flower syndrome
172,172,7/10/2014,p,1,18,1,1,25,,20,0,1,13,,,
172,172,11/3/2014,p,1,16.6,1,1,25.1,28.3,18.4,0,1.7,14.7,,,
172,172,11/4/2014,p,1,19,1,2,25.7,28.7,18.7,0,0.3,13.8,,,
172,172,11/5/2014,p,1,24.2,1,2,25.8,30.3,20.5,0,0,14.8,,,
172,172,11/6/2014,p,1,16.2,2,1,25.5,28.8,19.4,0,0,13.6,,,
172,172,11/16/2014,p,1,19.3,1,2,25,27.8,18.1,0,0,13.8,,,
174,174,7/24/2014,w,0,24,1,1,24,31,21,0,1.5,15,,1,beatup flower
176,176,8/20/2014,p,1,13.1,1,1,29.2,32.9,20.7,0.5,0,18.3,,,
176,176,9/24/2014,p,1,17.3,1,1,27.4,32,23,0,2.6,17.8,,,
176,176,10/27/2014,p,1,75,1,3,27.8,31.5,22.3,0,2.2,17.5,,,
176,176,10/29/2014,p,1,22.7,2,1,27.9,33.2,22,0,0,17.9,,,
176,176,11/2/2014,p,1,39.8,1,2,27.7,30.7,20.9,0,4,17.6,,,
177,177,7/14/2014,p,1,11,1,1,27,,20,0,0,15,,1,
177,177,7/16/2014,p,1,16,2,1,28,,21,0,6,17,,,dark purple? Intensity locus?
177,177,7/20/2014,p,1,16,1,1,25,30,22,0,0,16,,,dark?
177,177,7/22/2014,p,1,20,1,1,25,30,21,0,0,16,,,
177,177,7/23/2014,p,1,54,2,4,27,32,21,0,1,17,,,
177,177,7/26/2014,p,1,57.2,3,4,20,23.2,16.4,0,0,12.9,,,dark purple
177,177,11/2/2014,p,1,16.2,1,1,28.3,31.9,23.2,0,1.5,17.1,,,
177,177,11/24/2014,p,1,15.6,1,1,29.5,33.2,21.6,0,5.3,17.8,,,
180,180,7/23/2014,w,0,18,1,1,29,35,23,0,1,18,,,
180,180,9/2/2014,w,0,21.3,1,1,25.8,28.3,21.6,0,3.7,16.8,,,
180,180,9/4/2014,w,0,21.1,2,1,27.4,32,23,0.5,1.4,17.7,,,
180,180,9/6/2014,w,0,22.6,1,1,27.6,32.6,23.1,0,1.6,17.9,,,
180,180,9/10/2014,w,0,36.1,1,2,28.2,33.7,24.3,0,2.6,18.2,,,
181,181,11/2/2014,p,1,17,1,1,24.9,29.2,31.3,0,0,13.7,,,
181,181,11/3/2014,p,1,16.1,1,1,26.2,31.1,20.9,0,0.5,15,,,
181,181,11/5/2014,p,1,15,1,1,26.1,30.6,20.9,0,0,14.6,,,
181,181,10/28/2014,p,1,24.1,1,1,25.5,28.5,19.7,0,0.6,14.2,,,
182,182,8/24/2014,p,1,10.1,1,1,24.2,28.1,20.1,0,1,14,,,
182,182,9/2/2014,p,1,20.2,1,1,25.6,31.6,23.5,0,3,14.8,,,
182,182,9/4/2014,p,1,17.8,1,1,25.6,31,21.9,0,2.9,15.1,,,
182,182,9/6/2014,p,1,20.3,1,1,25.1,30.7,23.1,0,6,14.9,,,
182,182,9/19/2014,p,1,14,2,1,25.2,28.9,21.2,0,2,15.1,,,
183,183,7/14/2014,p,1,16,2,1,24,,20,0,0,16,,1,
183,183,7/28/2014,p,1,23.2,1,2,26.1,29.3,18.5,0,0,15.4,,,
183,183,7/29/2014,p,1,27.2,1,1,27.8,30.7,19.1,0.5,0,16.6,,,
183,183,8/3/2014,p,1,,1,1,28.6,32.9,21.5,0,2.5,17.6,,,
183,183,8/4/2014,p,1,29.8,1,2,27.9,32.7,22.7,0,1.6,17.2,,,
184,184,8/16/2014,p,1,16.8,3,1,25.6,28.9,18.6,0,1.7,13.7,,,
184,184,10/15/2014,p,1,20,1,1,28.6,31.6,20.2,0,2.8,14.8,,,
184,184,10/18/2014,p,1,15.7,1,1,25.5,29.4,21.5,0,1.3,14.6,,,
184,184,11/6/2014,p,1,13.3,3,1,24.5,28.5,18.8,0,1.6,14.2,,,
184,184,10/28/2014,p,1,14.7,1,1,23.6,28,18.9,0,0,13.2,,,
185,185,8/15/2014,w,0,16.5,1,1,23.1,26,16.8,0,0,14.5,,,
185,185,8/16/2014,w,0,28.6,1,1,25.4,28.9,19.4,0,0,14.7,,,
185,185,10/15/2014,w,0,20.6,1,1,29.5,33.5,21.1,0,3.3,16.6,,,
185,185,11/4/2014,w,0,24.9,1,1,25.5,28.9,20,0,0,15.9,,,
186,186,7/21/2014,w,0,17,1,1,27,31,18,0,0,16,,,starry
186,186,7/23/2014,w,0,15,1,1,26,31,21,0,0.5,15,,,
186,186,8/26/2014,w,0,30.4,2,3,27.7,31.9,22.6,0,3.3,16.2,,,
186,186,8/27/2014,w,0,14.6,2,1,26.8,30.2,19.2,0,0,14.3,,,
186,186,8/29/2014,w,0,16.2,1,1,25.1,28.3,18.2,0,1.2,16.1,,,
186,186,9/1/2014,w,0,35.3,2,3,26.5,32.2,24.5,0,3,17.9,,,
188,188,8/4/2014,p,1,26.8,1,3,25,26.3,18.4,0,0,,,,
188,188,9/10/2014,p,1,14.7,1,1,23.6,26.2,16.9,0,0.9,14.6,,,
188,188,9/17/2014,p,1,10.7,1,2,23.7,25.9,14.1,0,0,15.1,,,
188,188,10/8/2014,p,1,25.5,1,2,25.8,29.5,21.5,0,0.8,14.3,,,
188,188,10/15/2014,p,1,37.3,2,3,27.8,31.4,20.6,0,3.7,16,,,
189,189,8/14/2014,p,1,55.1,1,3,27.1,31.5,20.1,0,1,17.5,,,
189,189,8/15/2014,p,1,53.7,3,5,27.9,31,21.1,0.5,2.3,14.8,,,
189,189,8/21/2014,p,1,23.7,1,1,26.6,29.7,20.5,0,0,15.5,,,
189,189,8/23/2014,p,1,21.2,1,1,25.7,28.3,21.6,0,0,15.2,,,
189,189,8/26/2014,p,1,23.4,3,1,28.7,32.1,24.5,0,0.5,16.6,,,
189,189,9/1/2014,p,1,45.6,1,3,25.8,30.9,22.4,0,1.4,16.5,,,
189,189,9/5/2014,p,1,16.8,3,1,26,29.3,20.5,0,0,15.6,,,
189,189,9/10/2014,p,1,25.5,5,2,27.6,31.8,24.3,0,4.2,16.2,,,
191,191,11/19/2014,p,1,14.4,1,1,25.1,29.8,21.3,0,0,14.9,,,
192,192,8/16/2014,p,1,25.7,1,2,26,29.9,20.1,0,4.5,14.6,,,
192,192,8/18/2014,p,1,24.8,1,2,26.5,31.5,23.3,0,3.5,15.1,,,
192,192,8/27/2014,p,1,21.8,3,2,26.6,31.3,22.6,0,2.7,16,,,
192,192,9/1/2014,p,1,30.7,2,3,27.5,32.2,22.2,0,0.5,15.5,,,
192,192,9/2/2014,p,1,17,1,1,25.7,29.5,20.6,0,0,14,,,
192,192,9/10/2014,p,1,18.7,2,1,27.1,30.7,22.3,0,1.6,14.1,,,
195,195,8/1/2014,p,1,19.7,1,2,23.6,25.3,17.8,-0.5,0.5,12.4,,,squished
195,195,8/4/2014,p,1,14.9,1,1,24.9,28.4,18.7,0,0,13.4,,,
195,195,8/26/2014,p,1,19.7,1,3,24,29.1,21.7,-0.5,0,12.5,,,
195,195,9/9/2014,p,1,17.7,1,1,24.9,29.2,21.8,0,0,12.9,,,
195,195,9/14/2014,p,1,18.3,1,1,24.4,29.6,20.7,-0.5,0,12.5,,,
195,195,10/6/2014,p,1,17.4,,1,25.1,30,22,-0.5,0,12.7,,,
196,196,9/20/2014,p,1,23.5,1,1,28.6,32.6,23.4,0.5,4.9,18.7,,,
196,196,10/6/2014,p,1,29.1,2,1,28.6,32.6,23.2,0,0.5,18.1,,,
196,196,10/8/2014,p,1,33.9,1,2,29.6,33.5,23.4,0,3.9,17.2,,,
196,196,10/15/2014,p,1,24.2,1,1,30.8,35.5,25.2,0.5,2.9,20.3,,,
196,196,10/16/2014,p,1,36.9,1,2,31.2,35,24,0,4.2,20.1,,,
197,197,9/7/2014,p,1,18,2,1,25.4,28.7,20.4,0,0,15.3,,,
197,197,9/18/2014,p,1,27.2,2,2,26.3,31.3,25.3,0,2.9,17.8,,,
197,197,9/19/2014,p,1,20,1,1,25.1,30.2,24.4,0.5,7.5,17.1,,,
197,197,9/24/2014,p,1,20.1,3,1,30.3,34,25.8,0,13.8,17.7,,,
198,198,8/5/2014,p,1,20.3,1,2,29.2,32.4,23.5,0,7.8,18.5,,,striped!
198,198,8/16/2014,p,1,28.3,3,2,26.9,30.7,20.7,0,0.5,17.1,,,not striped
198,198,8/18/2014,p,1,23.5,2,2,28.3,33.1,23.9,0.5,3.5,18,,,striped
198,198,8/21/2014,p,1,18.6,1,1,26.9,30.7,22.3,0,0,16.8,,,very slightly speckled
198,198,9/3/2014,p,1,19.8,1,1,28.1,33.4,24.2,0.5,0.8,17.2,,,
198,198,9/17/2014,p,1,18.9,4,2,28.1,32.8,24,0,1.1,17.3,,,
199,199,8/15/2014,p,1,12.2,1,2,23.3,27.3,17.2,0,0,14.2,1,,"p throat, pale corolla, anthers looked off"
199,199,9/29/2014,p,1,15.6,4,2,24.6,28.2,20,0,0,13.8,1,,"p throat, striped pale corolla, crappy sex organs"
199,199,10/6/2014,p,1,15.9,2,1,24.8,29.6,22.1,0,0,14.9,1,,anthers look awful
199,199,10/8/2014,p,1,34.4,2,3,28.8,30.5,20.4,0,0,14.9,1,,"incomplete pigmentation, sad anthers"
199,199,10/15/2014,p,1,14.3,1,2,28.7,31.7,20.9,0,0,13.4,1,,"pale corolla, bad anthers"
199,199,10/16/2014,p,1,15,2,1,26,27.8,20.3,0,0,14.3,1,,sad crappy anthers
200,200,9/5/2014,p,1,17.7,1,1,26.3,30.1,21.2,0,0.8,15.6,,,
201,201,8/16/2014,w,0,62.8,2,2,25.5,28.2,19.7,0,1.1,13.7,,,
201,201,10/19/2014,w,0,26.7,1,2,26.2,29.9,21.4,0,0,14.2,,,
201,201,11/6/2014,w,0,70.1,1,4,24.5,29.5,19.6,0,2.4,14.1,,,
201,201,11/7/2014,w,0,75.6,1,4,26.4,31.4,20.3,0,9,15.4,,,split incurled corolla
201,201,11/16/2014,w,0,19,1,1,25.6,29.6,20.3,0,1.2,14.2,,,
202,202,8/13/2014,p,1,17.3,1,3,24.8,28.1,19.6,0,0,15.5,,,
202,202,8/26/2014,p,1,16.8,1,1,25.4,29.6,19.5,0,1.2,15.8,,,
202,202,9/9/2014,p,1,17.2,3,2,25.2,28.9,20.7,0,4.7,15.5,,,
202,202,9/18/2014,p,1,17.1,1,1,25.6,29.9,20.8,0,3.3,16,,,
202,202,9/27/2014,p,1,26.6,1,5,25.7,30.9,21.3,0,3,16.4,,,
203,203,9/12/2014,p,1,20.8,1,1,27.6,31.1,20.4,0,3.3,15.2,,,white throat
203,203,9/18/2014,p,1,17.2,1,1,28.1,31.8,21.8,0,5.6,15.2,,,
203,203,9/19/2014,p,1,16.4,1,1,27.7,30.7,21.6,0,0.5,15.2,,,
203,203,9/26/2014,p,1,29.1,1,2,29.2,34.3,23.7,0,14.9,15.9,,,
203,203,10/2/2014,p,1,39.6,1,2,28.8,31.9,20.5,0,14.5,,,,
205,205,11/4/2014,w,0,13.6,1,1,26.6,29.3,18.4,0,0,15,,,
207,207,8/20/2014,p,1,53,2,3,29.1,34.2,22,0,7.1,16.8,,,
207,207,8/26/2014,p,1,22.2,3,1,30.4,36,25.8,0,8.9,16.5,,,
207,207,9/4/2014,p,1,26,4,1,28.6,31.9,22.3,-0.5,7,,,,
207,207,9/5/2014,p,1,26.8,1,1,27.3,32.4,21.8,0,3.1,15.4,,,crushed
207,207,9/6/2014,p,1,21.8,2,1,28.5,34.4,25,0,8,15.7,,,
209,209,8/14/2014,p,1,25.3,1,1,28.1,32,25.2,0,0,16.9,,,
209,209,9/1/2014,p,1,21.3,1,3,21.6,26.5,19.3,0.5,0,13.7,,,no pollen
209,209,9/27/2014,p,1,19,4,2,25.2,29.3,23.2,0,0,14.4,,,pale
209,209,9/29/2014,p,1,17.7,1,1,26.7,31.8,23.8,0,2.1,16.3,,,
209,209,10/15/2014,p,1,22,2,1,30.3,35,25,0,13.1,16.8,,,
211,211,8/19/2014,p,1,15,1,1,23.6,27,16.8,0,0,13.8,,,
211,211,8/29/2014,p,1,18.4,2,1,24.5,29.1,20.4,0,0,15.2,,,pollen looks awful!
211,211,9/4/2014,p,1,26.4,4,2,26.2,30.2,21,0,3.3,16.1,,,
211,211,9/9/2014,p,1,28.6,1,2,23.6,28.4,19.2,0,1.8,14.9,,,
211,211,10/15/2014,p,1,18.6,1,1,27.6,31.3,20.3,0,1.9,16.5,,,
213,213,9/9/2014,p,1,18,1,1,27,30,20.2,0,0,15.1,,,
213,213,11/16/2014,p,1,16.2,1,1,24,27.1,17.7,0,0,15,,,
214,214,7/28/2014,w,0,56.2,1,2,26.7,30.4,21.6,0,4.6,14.7,,,round little flowers
214,214,7/29/2014,w,0,20.5,1,3,28.6,33.8,25.4,-0.5,6.2,15.6,,,
214,214,8/1/2014,w,0,55.5,1,2,23.2,25.9,18.4,0,0.7,14.4,,,squished
214,214,8/3/2014,w,0,48,1,2,26.5,31.7,23.6,0,6.6,15.9,,,
214,214,8/18/2014,w,0,29.8,1,1,26.4,31.9,22.7,0,0,14.7,,,
214,214,8/20/2014,w,0,25,2,1,27.3,32.3,24.1,0,6.8,15.9,,,
214,214,8/23/2014,w,0,12.4,7,1,24.3,28,21,0,0,14.1,,,
214,214,9/5/2014,w,0,45.3,4,6,27.4,32.7,22.7,0,5.2,16.1,,,
218,218,7/22/2014,p,1,12,1,1,26,31,22,-0.5,4,14,,,3-pronged stigma
218,218,7/23/2014,p,1,13,2,1,29,33,18,0,6,17,,,
218,218,7/26/2014,p,1,25.8,1,1,30.1,35.1,25.4,0,9,17.7,,,
218,218,7/27/2014,p,1,23.7,1,2,29.1,35.1,24.2,0,7.5,17.4,,,
218,218,8/3/2014,p,1,26.6,2,1,29.1,33.4,22.9,0,8.1,,,,
218,218,8/18/2014,p,1,37.6,1,2,29.8,34.1,22,0,4.7,16.9,,,
220,220,9/19/2014,w,0,20.5,1,1,25.9,29.3,21,0,2.2,16.7,,,
220,220,9/27/2014,w,0,32.4,1,2,26.3,31.8,22.4,0,2.2,17.2,,,
220,220,9/28/2014,w,0,26.9,1,1,27.4,33.8,24.6,0,0,,,,
220,220,10/15/2014,w,0,15.7,1,1,26.8,30,19.9,0,3.3,16.2,,,
220,220,11/19/2014,w,0,19.1,1,1,27.5,30.8,20.8,0,2.9,16.8,,,
222,222,8/14/2014,p,1,38.4,1,2,29.2,34.3,22.3,0,4.7,17.4,,,
222,222,8/15/2014,p,1,38.9,2,2,29.2,34.5,26.6,0,2.1,16.9,,,
222,222,9/1/2014,p,1,40.1,1,3,30,35.5,25.3,0,1.5,18.5,,,
222,222,9/9/2014,p,1,25.5,1,2,28.5,32.8,25,0,2,17,,,
222,222,9/12/2014,p,1,22,3,1,29.5,33.3,24.3,0,6.4,16.7,,,
222,222,11/19/2014,p,1,13.7,1,1,30,34.3,25.7,0,0,17.7,,,
226,226,9/7/2014,p,1,24.8,1,2,27.9,32.2,22.6,0,5,16.3,,,
226,226,9/26/2014,p,1,30.5,3,2,29.2,35.4,26.5,0,18,17.2,,,
226,226,9/27/2014,p,1,18.2,1,2,27.4,33.4,24.1,0,10.1,16.8,,,
226,226,9/29/2014,p,1,69.8,1,3,29.1,32.9,24.2,0,8.8,16.8,,,
226,226,10/1/2014,p,1,73.7,1,3,28.7,33.4,23.1,0,10.4,16.9,,,
227,227,8/19/2014,p,1,13.2,1,2,24.7,28,18,0,0,15.3,,,
227,227,10/27/2014,p,1,10.9,1,1,22.4,26.1,18.2,0,0,14.4,,,
228,228,11/11/2014,p,1,23.3,2,1,28.3,31.2,21.4,0,1.3,15.7,,,
228,228,11/14/2014,p,1,19.8,1,1,27.8,31,20.6,0,0,16.3,,,
229,229,9/19/2014,w,0,49.4,1,3,27,30.9,20.6,0,1.1,15.7,,,
229,229,9/20/2014,w,0,49.2,1,3,26.6,31.1,21.6,0,0,16.1,,,
229,229,9/29/2014,w,0,25.1,1,1,27.1,31,21.3,0,0,15.9,,,
229,229,9/30/2014,w,0,20.7,1,1,26.2,31.4,21.2,0,0,15.8,,,
229,229,11/3/2014,w,0,25.8,1,1,26,29,17.6,0,0,15,,,
231,231,9/24/2014,w,0,32.2,1,2,27,31.9,24,0,0,16.9,,,
233,233,8/5/2014,p,1,17.6,1,1,27.1,29.8,21.6,0,0.5,14.4,,,
233,233,8/14/2014,p,1,31.9,1,2,24.5,29,19.6,0,1.4,13.6,,,
233,233,8/16/2014,p,1,43.9,1,2,25.3,28.4,19.9,0,1.9,14.3,,,
233,233,9/12/2014,p,1,23.9,1,2,24.9,28.4,19.8,0,0,14.7,,,
233,233,9/18/2014,p,1,33.2,3,2,26.4,30.1,20.6,-0.5,1.3,14.3,,,
234,234,11/28/2014,p,1,14.2,1,1,25.9,29.6,19.4,-0.5,0,13.6,,,
235,235,8/5/2014,p,1,16.2,1,1,25.4,29.3,19.5,0,4,15.3,,,
235,235,9/26/2014,p,1,39.4,1,3,26.3,32.1,23.2,0,4.3,15.2,,,
235,235,9/27/2014,p,1,20.7,1,2,25.5,29.4,19.5,0,0,14.6,,,
235,235,10/2/2014,p,1,24.2,1,3,27.3,29.5,19,0,3.4,15.6,,,
235,235,10/3/2014,p,1,42.9,1,2,26.6,31.4,22.6,0,0.7,15.8,,,
236,236,9/2/2014,p,1,31.7,1,1,27.7,33.2,23.2,0,1.1,16.6,,,slightly deformed- dissected petal
236,236,9/26/2014,p,1,24.3,1,1,25.8,31.7,22.6,0,1,15.7,,,
236,236,2/5/2015,p,1,16.6,1,1,25.8,29.6,21.9,0,0,14.6,,,
237,237,9/7/2014,p,1,19.6,1,1,29,34,22.7,0,8,18.3,,,
237,237,9/29/2014,p,1,40,1,2,27.7,33.2,23.8,0,4,,,,
237,237,9/30/2014,p,1,43.1,1,2,28.8,33.7,24.4,0,4.1,17.7,,,
237,237,10/16/2014,p,1,50.8,3,2,29.4,34.6,25.3,0,11.7,,,,
237,237,10/18/2014,p,1,19.3,2,1,27.2,31.8,21.5,0,5.6,16.4,,,
238,238,9/6/2014,p,1,21.5,1,2,27.9,31.7,21,0,11.6,16.1,,,
238,238,9/7/2014,p,1,18.3,2,1,25.2,29,20.6,0,3,15.3,,,
238,238,9/19/2014,p,1,25,1,2,24.3,29,22.3,-0.5,2,14.8,,,
238,238,9/29/2014,p,1,20.4,2,1,25.5,31.4,23.3,0,5.1,14.9,,,
240,240,7/26/2014,p,1,24,1,1,27.9,30.5,20.2,0,1.2,16.1,,,
242,242,8/16/2014,p,1,23.7,1,2,25.3,30.4,22.8,0,3.1,15.2,,,
242,242,9/10/2014,p,1,28.7,1,3,26.4,30.8,23.2,-0.5,1.4,14.3,,,
242,242,9/12/2014,p,1,18.1,1,1,25.3,29.5,23.1,0,0,14.9,,,
242,242,9/19/2014,p,1,21.8,1,1,25.2,29,22.7,0,0.5,15.1,,,
242,242,9/20/2014,p,1,17.6,1,1,23.5,27.5,21.8,0,4.7,14.4,,,
242,242,10/18/2014,p,1,20.9,1,2,24.3,27.5,20.5,0,0,12.8,,,
244,244,10/15/2014,w,0,22.3,1,1,29.4,31.8,19.7,0,9.1,15.8,,,
244,244,10/19/2014,w,0,15.7,1,1,23.5,28.7,22.3,0,0,13.6,,,
244,244,10/29/2014,w,0,25.7,1,2,27.4,31.4,21.6,0,0,14.3,,,
244,244,11/12/2014,w,0,18.8,1,1,23.9,28.3,20.9,0,0,14.6,,,
247,247,9/20/2014,p,1,21.2,2,1,29.8,33.4,22.8,0,2.7,16,,,
247,247,9/24/2014,p,1,37.6,3,1,29.3,34.2,24.4,0,4.5,17.4,,,
247,247,9/26/2014,p,1,32.7,2,2,29.3,34.8,25.7,-0.5,4,15.4,,,
247,247,10/1/2014,p,1,48.6,1,2,31.4,35,25.8,0,5,17.6,,,
247,247,10/15/2014,p,1,26.2,7,1,31.8,36.9,25.8,0,6.9,17.7,,,
247,247,10/17/2014,p,1,27.9,3,1,29.3,33,23.5,0,5.3,15.5,,,
247,247,10/18/2014,p,1,27.8,7,1,31.1,35.2,25.9,0,7.7,16.8,,,
250,250,7/29/2014,p,1,22.6,1,1,29,32.8,22.4,0,2.7,15.6,,,
250,250,7/31/2014,p,1,32.1,1,1,30.5,34.7,22.3,0,9.2,17.4,,,
250,250,9/18/2014,p,1,19.4,2,1,26.8,31.4,24.5,0,4.1,15.7,,,
250,250,9/19/2014,p,1,31.1,2,2,28.3,32,26.4,0,4,17,,,
250,250,9/20/2014,p,1,26.5,3,1,27.7,32.7,24.7,0,0,16.1,,,
250,250,9/29/2014,p,1,17.1,6,1,28.3,33.4,24.1,0,3.7,16.5,,,
250,250,11/19/2014,p,1,18.9,2,1,27.4,31.2,20.1,0,0.7,15.4,,,
251,251,9/9/2014,p,1,21.5,1,1,24.3,27.7,20.3,0,1.2,14.3,,,
251,251,10/20/2014,p,1,18.3,1,1,22.8,28.2,22.4,0,1.5,14.5,,,
251,251,10/27/2014,p,1,26.7,1,1,24.9,29.6,22.2,0,0.6,15.6,,,
251,251,11/2/2014,p,1,33.9,1,2,23.6,28,21.4,0,1.8,15.3,,,
251,251,11/14/2014,p,1,18.6,1,1,24.3,29.3,21.3,0,0.6,15.1,,,
255,255,10/31/2014,p,1,20.1,1,1,26.5,31.2,20.3,0,0,16.4,,,
255,255,11/7/2014,p,1,20.6,2,1,28.1,32.5,20.8,0,2.9,16.2,,,
255,255,11/13/2014,p,1,32.9,1,2,28.7,32.4,19.4,0,1.5,15.4,,,split corolla deformed
256,256,7/26/2014,p,1,32,1,2,26.9,30.4,24.1,0,6,15.8,,,
256,256,8/21/2014,p,1,24.2,1,3,24,28.9,21.5,0,0,15.6,,,
256,256,9/18/2014,p,1,29.4,1,2,26.3,31.4,24.1,0,2.1,16.5,,,
256,256,9/20/2014,p,1,18.9,2,1,24.2,30.9,23.3,0,3.7,16.9,,,
256,256,9/30/2014,p,1,27.3,1,1,28,33.3,26.2,0,5.8,18.1,,,
256,256,11/16/2014,p,1,25.7,3,1,26.3,31.4,22.5,0,6.1,16.5,,,
257,257,7/26/2014,p,1,28.5,1,3,26.1,28.2,14.7,0,0,16.8,,,squished
257,257,10/31/2014,p,1,32.7,1,3,24,28.5,20.4,0,0,14.8,,,
257,257,11/3/2014,p,1,22.6,1,1,28.3,30.7,19.3,0,0.8,16.6,,,
257,257,11/4/2014,p,1,19.8,1,1,27.1,31,20.3,0,0,16.2,,,
257,257,11/5/2014,p,1,33.5,1,2,28.1,29.9,17.8,0,0,15.9,,,
257,257,11/7/2014,p,1,20,2,2,27,32,21.4,0,1.5,16.7,,,
258,258,8/16/2014,p,1,30.4,1,3,25.1,29.2,21,0,8.4,15.1,,,
258,258,8/27/2014,p,1,16.3,1,1,25.5,29.3,22.8,0,0.5,14.8,,,
258,258,9/5/2014,p,1,22.3,1,3,24.6,28.8,20.6,0,,14.5,,,
258,258,9/20/2014,p,1,27,1,2,27.4,31.9,24.6,0,2.6,16.2,,,
258,258,10/15/2014,p,1,27.2,1,3,27.3,31.3,23.9,0,5.8,15.5,,,
258,258,11/5/2014,p,1,15.3,1,1,26.1,29.7,21.1,0,0,14.3,,,
259,259,11/16/2014,w,0,27.7,1,2,26.1,30.6,20.8,0,1.4,14.1,,,
259,259,11/29/2014,w,0,33.6,1,1,25.3,29.8,20.7,0,1.1,14,,,
259,259,2/19/2015,w,0,17.7,2,1,24,27.3,18.9,0,0,13.9,,,
260,260,7/26/2014,w,0,19.6,1,1,25.9,27.6,15.7,0,0,17.2,,,squished
260,260,10/27/2014,w,0,31.3,1,2,29.3,34.6,24,0,1.9,18.6,,,
260,260,10/29/2014,w,0,24.2,2,2,28,33.1,22.9,0,1.4,17.1,,,
260,260,11/3/2014,w,0,33,1,1,29.1,34.7,24.4,0,3.5,18.8,,,
260,260,11/5/2014,w,0,22.1,1,1,29.8,32.7,21.5,0,3.1,17.8,,,
262,262,9/19/2014,w,0,22,1,1,26.5,30.6,22,0,2,16.7,,,
262,262,11/4/2014,w,0,30.3,4,1,26.8,29.5,16.8,0,0,14.8,,,
262,262,11/5/2014,w,0,23.4,3,1,29.2,31.6,14.8,0,0,16.9,,,
264,264,7/31/2014,p,1,18.9,1,1,24.9,28.2,19,0,2.3,16.4,,,
264,264,8/3/2014,p,1,17.1,1,1,26.5,29.3,20.5,0,0,17.8,,,
264,264,11/3/2014,p,1,23.2,1,2,25.9,30.1,19.9,0,0,17.5,,,
264,264,11/4/2014,p,1,22,2,2,25.9,29.8,20.5,0,0,16.6,,,
269,269,7/23/2014,p,1,19,1,1,25,28,21,0,1,14,,,
269,269,10/31/2014,p,1,21.3,1,1,28.7,31.1,22.8,0,0.9,16.7,,,
269,269,11/4/2014,p,1,14.3,2,1,26,29.7,19.7,0,0,16.2,,,
269,269,11/5/2014,p,1,17.2,2,1,27.4,31.2,20.2,0,0,16,,,
269,269,11/12/2014,p,1,16.2,1,1,27.1,32.1,23.2,0,2.1,17,,,
269,269,10/28/2014,p,1,21.4,1,1,30.4,32.7,22.5,0,1.6,17.8,,,
270,270,10/1/2014,w,0,28.1,1,2,26.8,32.4,25,0,8.3,15.1,,,
270,270,11/5/2014,w,0,20.3,1,1,28.2,32.8,23.3,0,0,16.1,,,
270,270,11/13/2014,w,0,20.4,2,1,27,31.9,23.9,0,2.7,15.4,,,
270,270,11/14/2014,w,0,31.3,2,2,28,33.7,25.5,0,4.3,16.5,,,
270,270,11/18/2014,w,0,32.3,1,2,28.7,32.4,21.5,0,3.8,15.8,,,
272,272,10/4/2014,p,1,16,1,1,25.6,29.4,23,0,0,16.6,,,
272,272,11/9/2014,p,1,15.3,1,1,26.7,30.9,21.7,0,0.6,17.2,,,
273,273,11/9/2014,p,1,21.7,1,1,25.5,27.9,15.7,0,0,15,,,
273,273,2/6/2015,p,1,20.2,2,1,24.7,29.1,20.5,0,1.4,15.3,,,
274,274,8/14/2014,p,1,50.8,3,4,26.9,29.3,20.1,0,1.3,16.3,,,
274,274,8/15/2014,p,1,57.7,1,4,24.4,26.9,19.2,0,0.7,14.6,,,
274,274,9/8/2014,p,1,21.9,1,1,25.7,29.8,22.2,0,0.9,15.9,,,
274,274,9/10/2014,p,1,18.5,1,1,28.3,30.8,21.6,0,0,16.6,,,
274,274,10/22/2014,p,1,42.7,3,4,28.6,33.3,24.1,0,2.2,17.4,,,
275,275,10/16/2014,p,1,13.8,1,2,25.4,28.3,20.9,0,4.5,14.5,,,
275,275,10/20/2014,p,1,26,1,2,24.7,29.8,22.5,0,0.9,16.3,,,
275,275,10/30/2014,p,1,23.5,2,1,25.7,29.2,20.8,0,0,16.2,,,
275,275,10/31/2014,p,1,15.7,1,1,25.7,29.1,20.5,0,1.3,16.2,,,
275,275,11/6/2014,p,1,29.7,1,2,25.4,29.1,20.8,0,0.2,15.1,,,
276,276,9/26/2014,p,1,27.5,1,3,25.9,30.9,22.5,-0.5,1.1,14.7,,,
276,276,9/27/2014,p,1,23.8,1,2,25.6,29.8,21.7,0,0,14.6,,,
276,276,10/6/2014,p,1,28.5,1,1,27.3,31.8,22.7,0,0,15.4,,,
276,276,10/15/2014,p,1,23,2,1,26.8,31.1,22.2,0,3.8,14.4,,,
276,276,10/17/2014,p,1,21.4,1,1,26.4,30.4,21.1,0,0,14.4,,,
277,277,10/6/2014,p,1,21.7,1,1,29,34.1,25.7,0,0,16.3,,,
277,277,11/6/2014,p,1,21.3,1,1,29,34.7,23.4,-0.5,0.5,14.6,,,
278,278,9/27/2014,p,1,28.4,2,3,26.9,31.8,21.7,0,1.1,15.6,,,
278,278,9/28/2014,p,1,20.9,1,1,25.4,30,21.8,0,3.2,14.8,,,
278,278,10/6/2014,p,1,18.1,1,1,25.7,30.1,21.4,0,0,15.3,,,
278,278,10/22/2014,p,1,22.1,1,1,26.7,30.5,20.7,0,0,15,,,
278,278,10/27/2014,p,1,27.6,1,2,26.8,30.8,23.2,0,2.7,15.3,,,
279,279,10/1/2014,p,1,26.9,1,1,28.8,32,20.8,0,4,15.3,,,
279,279,11/3/2014,p,1,23.1,1,1,24.6,28.6,19.7,0,0,14.3,,,
279,279,11/6/2014,p,1,17.7,1,1,26.8,31.8,21.6,0,0,14.4,,,
280,280,9/26/2014,p,1,25.1,3,3,26.9,31,19.3,0.5,0,16.5,1,,sex organs looknawful!
280,280,9/27/2014,p,1,18.4,3,2,25.2,27.4,20.2,0,0,15.6,1,,sex organs look awful
280,280,9/30/2014,p,1,33.8,1,5,27.7,31.3,21.3,0,0,15.8,1,,
280,280,10/1/2014,p,1,29,1,2,24.9,28.3,19.1,0,0,16,1,,
280,280,10/2/2014,p,1,25.6,2,3,25.1,27.2,16.1,0.5,0,15.4,1,,
281,281,10/29/2014,p,1,25.9,1,1,28.4,32.1,20.8,0,0.7,17.5,,,
281,281,10/30/2014,p,1,26.1,1,1,28.2,32.6,20.5,0,0,17.5,,,
281,281,11/4/2014,p,1,22.3,1,1,26.4,30.3,20.3,0,0,16.9,,,
281,281,11/9/2014,p,1,16.6,1,1,24.5,26.9,17.5,0.5,0,16.7,,,
282,282,7/24/2014,p,1,14,1,1,24,30,21,0,1,15,,,
282,282,7/29/2014,p,1,19.7,1,2,25.5,30.7,24.2,0,0,16.2,,,
282,282,8/5/2014,p,1,17.9,1,1,26.3,31.5,22.4,0,0,14.6,,,
282,282,8/29/2014,p,1,24.9,1,2,25.9,31.7,24.7,0,1.4,16.1,,,
282,282,8/31/2014,p,1,20,1,1,26.7,32.1,24.7,0,4,15.9,,,
282,282,9/4/2014,p,1,17.9,3,1,26.2,32,22.8,0,0,16.1,,,
283,283,9/27/2014,p,1,24.7,1,1,27.5,31.2,21.8,0,0,17,,,
283,283,10/3/2014,p,1,17.3,1,1,25.7,29.8,20.6,0,0,,,,
283,283,10/6/2014,p,1,19.3,2,1,26.2,30.5,22.2,0,3.1,16.4,,,
283,283,10/16/2014,p,1,17,1,1,28.8,33.1,22.7,0,6.3,17.3,,,
283,283,10/22/2014,p,1,20.7,1,2,28.2,32.5,22.4,0,0,16,,,
284,284,7/29/2014,p,1,26.6,1,1,26.7,30.2,20,0,0.9,16.1,,,
284,284,7/31/2014,p,1,58.7,1,2,26.6,32.3,25,0,1.8,17.2,,,
284,284,8/2/2014,p,1,19.5,1,1,25.1,29.2,20.8,0,0,17.2,,,
284,284,8/5/2014,p,1,43.9,2,3,25.9,29.1,20.2,0,0,16,,,
284,284,8/20/2014,p,1,15.7,1,1,25.8,29.4,22.1,0,0,15.3,,,
284,284,2/6/2015,p,1,17.3,2,1,24.6,28.2,19,0,0.7,15.3,,,
285,285,10/15/2014,p,1,27.4,3,1,26.9,33.2,23.6,0,0,17.3,,,
285,285,10/29/2014,p,1,38.6,1,2,26.9,31.3,22,0,1.3,17.1,,,
285,285,11/4/2014,p,1,42.9,1,2,26,29.3,18.2,0,0,16.3,,,
285,285,11/7/2014,p,1,28,1,1,25.9,30.6,20.6,0,0,16.1,,,
285,285,11/19/2014,p,1,26.2,1,1,28.5,33.7,24.8,0,2.6,17.1,,,
286,286,8/15/2014,p,1,27.6,1,3,25.1,30,22.6,0,2.2,15.3,,,
286,286,9/12/2014,p,1,25.5,4,2,28.5,32.7,23.2,0,0.9,16.4,,,
286,286,9/18/2014,p,1,30.7,2,2,26.3,31.4,24.7,0,0,15.7,,,
286,286,9/19/2014,p,1,38.4,2,2,27.8,31.8,23.2,0,1.3,15.2,,,
286,286,9/20/2014,p,1,45.2,3,2,24.6,29.5,21.8,0,1.1,13.5,,,
287,287,7/16/2014,p,1,17,1,1,22,,19,0,0,14,,,
287,287,7/19/2014,p,1,16,1,2,24,26,20,0,5,13,,,slightly squished
287,287,7/22/2014,p,1,18,1,2,27,30,23,-1,5,13,,,pale - white throat?
287,287,7/24/2014,p,1,38,1,3,27,32,24,0,17,16,,1,white throat
287,287,7/28/2014,p,1,18.8,4,2,25.2,30,23.1,0,5.3,14.8,,,
287,287,7/29/2014,p,1,39.5,3,5,25.3,31.1,22.3,-0.5,3.5,15.4,,,287 has so many flowers!!
287,287,7/31/2014,p,1,22.2,3,2,25.1,30.4,22.8,0,7,15.8,,,
287,287,8/18/2014,p,1,52.3,3,6,23.4,27.7,20.5,0,5.5,,,,
287,287,9/3/2014,p,1,237,4,7,26.7,31.8,24.3,0,4.3,16.5,,,bizarre indeterminate cyme
288,288,8/20/2014,p,1,27.7,1,2,26.6,30.9,21.8,0.5,1.7,18.3,,,
288,288,9/26/2014,p,1,19.2,1,1,26.1,31.8,24.8,0,6.6,17.5,,,
288,288,9/27/2014,p,1,22.1,1,1,25.7,30.6,24.5,0.5,3,18.5,,,
288,288,9/28/2014,p,1,15.9,2,1,24.8,29.8,24,0.5,2.2,17.9,,,
288,288,10/16/2014,p,1,20.5,3,1,27.8,33.3,23.7,0,12.6,17,,,
289,289,8/15/2014,w,0,17.4,1,1,24.1,29.9,23.5,0,0,15.4,,,
289,289,8/21/2014,w,0,35.9,1,1,28.1,32.7,22.9,0,3.4,17.7,,,
289,289,11/4/2014,w,0,14.9,1,1,24,27.9,20.1,0,0,15,,,
289,289,10/28/2014,w,0,24.6,1,1,27.4,31,22.1,0,0,17.4,,,
290,290,10/15/2014,p,1,20,2,1,27.6,31.6,23.5,0,5.1,14.9,,,
290,290,11/7/2014,p,1,35.5,2,2,26.4,31.8,24.2,0,10.8,14.9,,,
290,290,11/14/2014,p,1,37.9,1,2,25.6,31.1,23.5,0,5.5,15.3,,,
290,290,11/16/2014,p,1,39.3,1,2,25.4,30.1,21.6,0,1,14.8,,,
290,290,11/29/2014,p,1,17.1,2,1,25.1,30,22.5,0,3,14.5,,,
291,291,8/2/2014,p,1,45.7,1,4,27.9,30.3,18.3,0,4,16.7,,,squished
291,291,8/14/2014,p,1,19.5,1,2,29.6,32.8,24,0,0,17.7,,,
292,292,8/4/2014,p,1,36,1,3,28.5,33.1,20.2,0,1.7,18.5,,,
292,292,8/21/2014,p,1,18.7,3,1,27.5,33.6,24.6,0,4.6,18.9,,,
292,292,9/10/2014,p,1,35.1,1,2,27.9,32.3,23,0,5.4,18.1,,,
292,292,10/27/2014,p,1,22.6,1,1,27.5,32.3,22,0,0,18.4,,,
293,293,10/29/2014,w,0,18,2,1,25.4,30.8,23.9,0,0,16.9,,,
293,293,10/28/2014,w,0,15.1,1,1,26.5,31.3,22.8,0,0,16.6,,,
294,294,12/2/2014,p,1,16.8,1,1,26.8,30.1,19.6,0,0.7,15.1,,,
295,295,8/2/2014,p,1,18.5,1,1,28.2,31.1,21.4,0,2.4,16.1,,,squished
297,297,11/6/2014,w,0,22.6,1,1,25.5,29.2,19.7,0,1.3,14.7,,,
297,297,11/29/2014,w,0,17.6,1,1,26.2,29.7,18.2,0,0.8,14.9,,,
298,298,11/3/2014,w,0,41.7,1,2,27.9,33.3,23,0,2.3,16.7,,,
298,298,11/9/2014,w,0,44.1,1,2,29.7,32.3,21.9,0,3.3,17.2,,,
298,298,2/6/2015,w,0,17.7,1,1,21.6,23.3,18,0,0,15.5,,,
299,299,7/27/2014,p,1,17.5,1,1,23.9,27.8,19.3,0,0,15.8,,,
299,299,7/28/2014,p,1,27.5,1,1,28,31.8,22.5,0,0,15.3,,,
299,299,11/13/2014,p,1,21,1,1,25.9,29.8,21.4,0,0,15.2,,,
300,300,9/2/2014,p,1,21.1,1,1,28.7,30.6,19.7,0,1.8,17.5,,,slightly squished
300,300,10/30/2014,p,1,29.2,2,1,26.7,30.2,22.4,0,0,17.3,,,
300,300,11/4/2014,p,1,22.9,1,1,27.2,31,19.5,0,0,16.6,,,
300,300,11/9/2014,p,1,28.6,2,2,28.8,32.7,23.8,0,5.6,17.9,,,
300,300,11/29/2014,p,1,22.2,1,1,26.8,30.5,20.2,0,2.7,16.6,,,
301,301,8/1/2014,w,0,37.9,1,1,31.5,35.2,22.5,0,2.6,19.4,,,
301,301,11/29/2014,w,0,24.1,2,1,28.7,32.7,22.7,0,0,17.1,,,
301,301,12/2/2014,w,0,19.6,1,1,27.4,31,19.4,0,1.3,16.2,,,
301,301,12/3/2014,w,0,25.9,2,1,28.8,33.1,23.7,0,2.6,17.5,,,
302,302,8/14/2014,p,1,42.6,1,2,24.4,27.4,18.6,0,3.3,13.9,,,
302,302,10/20/2014,p,1,26.2,1,2,26.8,30.9,21.2,0,2.1,14.9,,,
302,302,11/2/2014,p,1,18.7,1,1,24.2,27.3,16.9,0,5.9,14.1,,,
302,302,11/6/2014,p,1,36.2,2,2,24.9,29.3,19.4,0,5.7,13.9,,,
302,302,11/9/2014,p,1,16.4,1,1,25.6,28.9,20,0,3.6,14.3,,,
303,303,8/14/2014,p,1,45.2,1,3,27.2,30.5,22.9,0,1.6,16.5,,,
304,304,7/24/2014,p,1,29,1,1,26,31,21,0,4,16,,1,
304,304,8/4/2014,p,1,22.5,1,1,28.3,30.7,16,0,1.6,15,,,squished
305,305,8/18/2014,w,0,27.3,1,3,27.1,32,21.5,0,0,16.9,,,
305,305,9/8/2014,w,0,21,1,1,25,29.3,21.6,0,0,15.9,,,
305,305,10/17/2014,w,0,26.4,1,3,26.1,30.4,22.2,0,0,15.3,,,
305,305,10/30/2014,w,0,20.7,2,1,27.5,32.8,23.5,0,0,17,,,
305,305,10/31/2014,w,0,22,1,1,28.4,33.1,24.6,0,0,16.2,,,
306,306,8/2/2014,p,1,15.75,1,1,27.6,31.9,22,0,2,16.5,,,
306,306,8/26/2014,p,1,21.8,3,1,26.9,31.9,23.2,0,0.8,15.3,,,
306,306,8/30/2014,p,1,27.4,1,2,26.3,32.1,23.6,0,8.4,16.5,,,
306,306,9/4/2014,p,1,31.2,1,1,22.6,25.4,17.6,0,3.7,15.1,,,squished
306,306,9/6/2014,p,1,30.6,1,2,25.8,30.9,22.7,0,6.6,15.5,,,
327,327,9/4/2014,p,1,28,1,1,28.3,32.7,23.4,0.5,2.4,20.2,,,
327,327,10/30/2014,p,1,16.9,2,1,28,30.8,21.3,0,0.8,17.3,,,
327,327,11/6/2014,p,1,12.9,3,1,28,32,22.9,0,0.3,18.2,,,
327,327,11/14/2014,p,1,15.9,1,1,28,33.6,24.4,0,4.7,18.9,,,
327,327,11/16/2014,p,1,20.8,1,2,28.9,33.4,24.2,0,4.1,18.9,,,
328,328,11/3/2014,p,1,21.6,1,1,27.8,31.3,20.9,0,0,14.3,,,
329,329,10/22/2014,p,1,12.9,1,1,26,29,18.7,0,0,15.9,,,anthers look shotty
329,329,12/1/2014,p,1,36,1,2,27.7,29.6,15.7,0,0,16.2,,,
329,329,12/2/2014,p,1,30.3,2,1,30,33,20.5,0,1,16.9,,,
330,330,9/4/2014,p,1,25.8,1,1,27.2,30.9,21.4,0,3.3,16,,,
331,331,7/21/2014,p,1,19,1,1,25,30,21,0,0,17,,,
331,331,8/31/2014,p,1,27.7,1,3,25.8,30.8,19.7,0,0,17,,,
331,331,9/9/2014,p,1,29.1,3,2,27.1,30.2,22,0,4.3,17.2,,,
331,331,10/3/2014,p,1,22.2,4,1,26.8,31.1,23.2,0,0,18,,,
331,331,10/4/2014,p,1,23.6,3,1,29,32.6,23.7,0.5,6.2,19.2,,,
331,331,11/7/2014,p,1,20.9,2,2,26.1,32.3,23.1,0,3.3,17.3,,,
332,332,9/9/2014,p,1,28.5,1,1,30.2,35,23.4,0,4.4,18.3,,,
332,332,11/12/2014,p,1,25.4,1,1,31.3,35.6,24.6,0,2,18.6,,,
332,332,11/14/2014,p,1,23.8,1,1,32.8,36.9,24.8,0,3.1,18.7,,,
332,332,12/2/2014,p,1,24.1,1,1,30.9,35.5,23.9,0,2,17.4,,,
334,334,8/19/2014,p,1,29.6,1,1,33,35.4,23,0,4.5,19.5,,,
334,334,8/24/2014,p,1,16.5,1,1,30.6,35.2,22.1,0,0,17.3,,,
334,334,10/22/2014,p,1,20.9,1,1,32,37.3,24.8,0,2.5,18.6,,,
334,334,10/30/2014,p,1,20.1,1,1,30,33.4,20,0,0,17.9,,,
334,334,11/4/2014,p,1,27.9,1,1,30.7,34.4,22.3,0,1.3,18.3,,,
335,335,10/15/2014,p,1,19.9,1,1,27.7,32.1,22.9,0,4.6,16.8,,,
335,335,10/30/2014,p,1,28.9,1,1,28.7,34.5,25.1,0,3.8,17.4,,,
335,335,11/3/2014,p,1,27.6,2,1,28.6,34.9,25.2,0,4.6,17.6,,,
335,335,11/4/2014,p,1,26.1,1,1,27.4,33.7,24.4,0,3.9,16.4,,,
335,335,11/7/2014,p,1,29.4,1,1,28.1,34.9,26.9,0,7.4,17.1,,,
336,336,9/7/2014,p,1,18.6,1,3,26.2,30.2,21.1,0,0,15.9,,,
336,336,10/18/2014,p,1,16.3,1,1,26,31,22.7,0,0,16.5,,,
336,336,11/3/2014,p,1,16.6,1,1,25.3,30.6,20.8,0,1.2,15.6,,,
337,337,10/31/2014,p,1,20.8,1,1,26.5,32,23.4,0,1.4,15.6,,,
337,337,11/7/2014,p,1,26.4,1,1,27.5,32.4,21.6,0,3.5,16.7,,,
337,337,11/14/2014,p,1,16.1,1,1,26.7,29.6,20.5,0,0.8,16.3,,,
337,337,11/18/2014,p,1,18.5,1,1,27.7,31.9,22.1,0,1,16.6,,,
337,337,11/28/2014,p,1,32.2,1,1,24.8,29.1,21,0,0,15.9,,,
338,338,11/7/2014,p,1,13.3,1,1,25,28.9,19.7,0,0.4,14.9,,,
339,339,11/2/2014,w,0,31.6,1,2,25.6,29.5,19.1,0,0,15.8,,,
339,339,11/4/2014,w,0,17.1,1,1,25.3,28.8,16.7,0,0,15.8,,,
339,339,11/7/2014,w,0,17.3,3,2,23.8,27.6,18.8,0,0,14.7,,,
339,339,11/9/2014,w,0,19.3,3,2,27.1,30.6,16.6,0,0.7,15.7,,,
339,339,11/14/2014,w,0,13.6,1,1,25.8,29,19.2,0,0,15.1,,,
340,340,8/14/2014,p,1,21.9,1,1,25.6,29.8,23.2,0,1.1,16.3,,,slightly torn
340,340,8/16/2014,p,1,35.1,1,2,26.2,31.1,21.8,0,7,16.1,,,
340,340,9/7/2014,p,1,43.8,1,2,29.4,34.6,24.8,0,10.2,16.6,,,
340,340,9/8/2014,p,1,32.2,1,1,29.8,35.9,26.9,0,3.2,18.9,,,
340,340,9/9/2014,p,1,30.8,3,2,30.3,33.7,22.9,0,3.2,17.4,,,
341,341,11/2/2014,p,1,19,1,3,26.5,31.6,23,0,4,16.5,,,
342,342,12/5/2014,p,1,20,1,1,26.4,31.6,22.4,0,2,16.4,,,"sterile?? one shriveled seed
"
342,342,2/10/2015,p,1,17.5,1,1,26,30.5,24.5,0,0,16.6,,,
343,343,11/3/2014,p,1,27.7,1,1,28.3,32.2,22.3,0,0,15.9,,,w throat
343,343,2/19/2015,p,1,16.7,1,3,26.4,30.2,21.2,0,0,15.2,,,
344,344,7/24/2014,p,1,23,1,3,26,30,19,0,8,17,,1,
344,344,8/1/2014,p,1,21.3,1,1,27.3,31.7,22.2,0,3.6,18,,,
344,344,8/3/2014,p,1,32.6,1,1,26.3,30.5,23.7,0,3.4,17.2,,,
344,344,8/31/2014,p,1,15.8,1,1,25.8,29.9,21.6,0,0,17.3,,,
344,344,9/2/2014,p,1,25.4,3,1,29.2,34.4,23.2,0.5,1.9,18.4,,,
344,344,9/8/2014,p,1,20,1,1,29.4,33.5,23.6,0.5,0,18.9,,,
346,346,7/18/2014,p,1,23,1,1,22,,18,0,0,14,,,
346,346,11/14/2014,p,1,12.7,1,1,26.5,29.1,19.3,0,0,14.9,,,
347,347,11/29/2014,w,0,33.8,1,2,26,29.9,21.7,0,0,15.9,,,
350,350,11/4/2014,p,1,20.3,1,1,25.4,29.1,20.9,0,0,15.3,,,
350,350,11/29/2014,p,1,14.4,1,1,24.9,26.5,17.3,0,1,15.2,,,squished
351,351,11/7/2014,p,1,18.2,1,1,28.8,32.3,21.3,0,1.1,16.3,,,
351,351,12/3/2014,p,1,19.1,1,1,26.4,30.2,22,0,0,15.5,,,
352,352,11/12/2014,p,1,11.8,4,1,23.7,26.6,19.7,1,0,16.4,1,,not sfs but tall stigmas!
352,352,11/16/2014,p,1,23.3,3,3,24.9,27.3,19.8,0,0,15.6,1,,
352,352,11/17/2014,p,1,10.4,2,1,26.9,30,24.1,1,0,17.9,1,,semi sfs w pollen
352,352,11/18/2014,p,1,14.1,3,2,27.2,28.2,22.8,1,0,16.6,1,,semi sfs w pollen. Sorta 2.5lobed stigma
352,352,11/19/2014,p,1,11.2,3,1,27,29.3,20.7,0.5,0,17,1,,
353,353,10/27/2014,p,1,16,1,1,27.1,30.9,20.6,0,1.8,17.1,,,
353,353,10/30/2014,p,1,27.4,6,2,28.4,32.6,22.6,0,0,16.7,,,
353,353,11/4/2014,p,1,38.6,2,2,25.3,30.5,21.3,0,3.3,15.8,,,
353,353,11/6/2014,p,1,32.1,1,2,27.9,30.4,19.5,0,0.3,16.3,,,
353,353,11/12/2014,p,1,18.3,1,1,27.3,30.2,19,0,2.3,16.9,,,
354,354,10/27/2014,p,1,17.1,1,1,27.3,31.8,22.1,0,0.4,16.5,,,
354,354,2/6/2015,p,1,11.7,1,1,24.9,29.2,19.4,0,0,14.8,,,
358,358,7/28/2014,p,1,27.2,1,2,26.3,30.4,21.2,0,1.4,15.2,,,
358,358,8/15/2014,p,1,26,1,2,25.3,29.5,18,0,0,15,,,
358,358,9/9/2014,p,1,15.1,3,1,26.5,30.5,20.4,0,0,15.6,,,
358,358,9/10/2014,p,1,42.9,1,3,28.7,31.5,22.7,0,0.8,16.1,,,
358,358,9/11/2014,p,1,23.1,1,2,28.3,31.4,22.4,0,0,16.1,,,
359,359,8/19/2014,p,1,20.5,1,2,24.4,28.1,19.9,0,0,15.4,,,
359,359,10/3/2014,p,1,13.4,1,3,21.7,25.6,19.2,0,0,13,,,
359,359,10/4/2014,p,1,14.9,1,2,24.4,27.9,21.1,0,0,15.2,,,
359,359,11/12/2014,p,1,21,4,1,24.8,28.9,21.2,0,0,14.9,,,
359,359,11/13/2014,p,1,16.1,1,1,24.9,28.6,20.8,0,0,15.4,,,
360,360,9/8/2014,p,1,28.4,1,1,26.8,32,23.2,0,5.3,16.1,,,
360,360,9/9/2014,p,1,23.5,1,1,25.3,28,19.2,0,0,14.2,,,
360,360,10/4/2014,p,1,17.9,1,1,26.1,30.9,22.4,0,0,16.4,,,
360,360,10/27/2014,p,1,22,6,1,28.3,32.3,22.4,0,7.2,16.6,,,
360,360,10/30/2014,p,1,15.7,1,1,25.3,28.5,18.3,0,0,15.2,,,
360,360,2/17/2015,p,1,16.6,1,2,25.7,30.7,23.1,0,0,15.6,,,
362,362,11/2/2014,p,1,14.4,2,1,27.5,31.8,23.1,0,0,16.9,,,
362,362,11/7/2014,p,1,12.9,1,1,28.3,32.6,24.2,0,1.9,17.8,,,
362,362,12/1/2014,p,1,16,1,1,28.4,31.4,21.2,0,0,17.1,,,
362,362,12/4/2014,p,1,14.5,1,1,25.9,30.1,21.7,0,0,17.2,,,
363,363,10/3/2014,p,1,48.8,2,3,27.5,32.6,24.5,0,0,17,,,
363,363,10/15/2014,p,1,16.7,1,1,27.8,31.9,22.4,0,0,16.1,,,
363,363,10/17/2014,p,1,20.3,1,1,26.6,31.2,24.5,0,0.5,15.8,,,
363,363,10/22/2014,p,1,23.1,1,1,29,33.9,24.6,0,3.2,17.5,,,
363,363,11/13/2014,p,1,14,1,1,29.3,33.6,23.9,0,3.3,17.8,,,
364,364,2/6/2015,p,1,14.9,1,1,26.7,28.6,16.9,-0.5,0,14.5,,,
365,365,8/14/2014,p,1,20.6,1,2,21.6,27.4,20,0,0,14.1,,,
365,365,8/30/2014,p,1,49.8,1,3,27.8,33.3,24.7,0,4.7,15.3,,,
365,365,9/4/2014,p,1,54.2,2,3,26.9,31.9,22.5,0,3.2,15.6,,,
365,365,9/11/2014,p,1,35.8,1,3,24.4,29.6,20.1,0,2.8,14.2,,,
365,365,10/3/2014,p,1,31.4,1,2,26.5,31.1,23.1,0,2.4,15,,,
365,365,10/4/2014,p,1,34.6,2,2,25.9,31.4,23.2,0,0,14.9,,,
366,366,7/24/2014,p,1,33,1,1,29,34,24,-0.5,6,15,,1,
366,366,8/4/2014,p,1,56.9,1,3,28.5,32.8,22.1,0,4.3,16.2,,,
366,366,10/3/2014,p,1,37.9,1,2,27,31.8,25.2,0,4.5,16.2,,,
366,366,10/30/2014,p,1,22.9,1,1,29.1,33.1,25,0,0,16.6,,,
366,366,11/4/2014,p,1,56.9,1,2,29.7,34.7,25.7,0,10.2,16.3,,,
367,367,10/15/2014,p,1,22.2,1,1,31,33.1,17.9,0,1.4,16.6,,,
367,367,11/13/2014,p,1,26.3,2,1,31,35.7,26.7,0,0,17.9,,,
368,368,7/31/2014,w,0,46.2,1,2,24.9,27.3,17.8,0,2.5,15.1,,,squished
368,368,8/3/2014,w,0,48.9,1,2,28.1,31.8,23.2,0,4.3,18,,,
368,368,8/20/2014,w,0,30.8,1,1,30.4,35.1,23.6,0,3.4,17.7,,,
368,368,11/6/2014,w,0,20.7,1,1,27.9,31.6,21.2,0,0,16.7,,,
368,368,11/12/2014,w,0,16.7,1,1,25.1,30.4,21.6,0,1.6,17.6,,,
369,369,8/19/2014,p,1,22.9,1,1,26.2,30.8,22.4,0,4.2,14.8,,,
369,369,9/7/2014,p,1,20.3,1,2,27.7,32.2,23.7,0,9.7,15.8,,,
369,369,9/12/2014,p,1,14.5,1,1,25.8,30.2,22.9,0,0,16,,,
369,369,10/3/2014,p,1,16.4,1,1,26.2,31.3,24.3,0,7.4,16.5,,,
369,369,10/15/2014,p,1,16.8,1,1,28.6,33.2,23.9,0,10.8,15.4,,,
370,370,8/1/2014,p,1,17,1,2,25.4,28.3,16.8,0,0.6,14.7,,,
370,370,8/2/2014,p,1,22.5,1,1,28.1,31.7,21.9,0,2.3,15.7,,,
370,370,8/4/2014,p,1,18.5,2,1,25.1,29.4,21.1,0,0,16.1,,,
370,370,8/20/2014,p,1,109.9,1,3,24.8,27.9,17.9,0,0,14.9,,,
370,370,10/27/2014,p,1,21.4,1,1,28.1,31,21.9,0,0,15.9,,,
371,371,10/3/2014,p,1,19,1,2,26.6,29.6,19.9,0,0,16,,,
371,371,11/2/2014,p,1,26.3,3,2,27.8,31.8,21.8,0,0,16.8,,,
371,371,11/12/2014,p,1,17.1,2,2,23.6,28.9,20.2,0,0.3,16.6,,,
371,371,11/16/2014,p,1,18.1,1,1,25.9,30.9,21.6,0,2.3,15.9,,,
372,372,10/3/2014,p,1,20,1,2,25,30.7,22,0,0,14.7,,,
372,372,11/4/2014,p,1,34.9,1,1,27.5,32.5,22.3,0,0,16.1,,,
372,372,11/18/2014,p,1,43.1,1,2,28.9,33.9,23.9,0,2.4,15.9,,,
372,372,11/24/2014,p,1,23,2,1,26.2,29.1,20,0,0,15.2,,,
373,373,10/17/2014,p,1,24.3,1,1,27.3,32.1,21.1,0,0.7,15.2,,,
373,373,10/18/2014,p,1,21.4,1,1,26,30.5,20.3,0,0,14.8,,,
373,373,10/22/2014,p,1,39.6,2,2,27.3,31,21.5,0,0,14.8,,,
373,373,10/27/2014,p,1,24.9,2,1,26,30.5,19.7,0,0,14.1,,,
373,373,10/28/2014,p,1,31.7,3,1,30.2,34,22.2,0,3.4,15.2,,,
374,374,10/27/2014,p,1,20,1,1,27,31.6,24.4,0,2,,,,
374,374,11/12/2014,p,1,14.4,3,1,24.9,28.6,19,0,0,15.6,,,
374,374,11/14/2014,p,1,14.3,1,1,27.7,31.3,19.2,0,2.1,16.9,,,
374,374,10/28/2014,p,1,18.9,5,1,27.3,32,24.8,0,0,17,,,
375,375,9/7/2014,p,1,45.6,1,3,28.8,33,22.8,0,6.4,17.3,,,
375,375,9/10/2014,p,1,29.7,1,1,29.5,32.4,24.1,0,2.6,17.1,,,
375,375,10/2/2014,p,1,17.4,1,1,25.6,30,20.4,0,1.1,16.6,,,
375,375,10/3/2014,p,1,21.3,1,1,25.8,31,21.5,0,2,16.7,,,
375,375,10/22/2014,p,1,21.1,1,1,30.5,34,22.6,0,0,18.3,,,
377,377,10/6/2014,p,1,28.3,1,3,26.1,29.5,20.9,1,0,16.8,1,,anthers look bad
377,377,10/30/2014,p,1,25.8,1,3,25.5,28.4,19,0.5,0,15.4,1,,sad flower syndrome
377,377,10/28/2014,p,1,15.6,1,2,25.4,26.9,17.5,1,0,14.6,1,,looks like sad sterile flowers
379,379,9/11/2014,p,1,21.4,1,2,23.5,28.7,21.2,0,3.5,15.6,,,
379,379,10/2/2014,p,1,16.9,1,1,24.2,27.8,19.8,0,2.7,14.6,,,
379,379,10/19/2014,p,1,14.3,1,1,22.8,27.7,21.6,0,0,14.6,,,
379,379,10/20/2014,p,1,23.7,1,1,25,30.1,22.4,0,3,15.8,,,
379,379,10/27/2014,p,1,19.3,4,1,23.9,29.5,22.7,0,1.8,15.4,,,
379,379,10/28/2014,p,1,20,2,1,23.2,28.3,21.7,0,0.8,14.6,,,
380,380,2/18/2015,p,1,12,1,1,23.4,28.5,20,-1,0,11.6,,,
381,381,9/11/2014,p,1,21.3,1,2,28,31.3,22.4,0,1.2,16.1,,,stripes
381,381,11/7/2014,p,1,18.8,1,1,27.5,31.3,20.8,0,0,15.6,,,
381,381,11/25/2014,p,1,17.8,1,1,29.8,33.1,21.1,0,0,16.9,,,
382,382,11/13/2014,p,1,14,1,1,25.7,38.3,18.7,0,1.1,15,,,split corolla deformed
382,382,11/14/2014,p,1,20.1,1,1,27.4,30.9,23.5,0,3.4,15.7,,,
382,382,12/3/2014,p,1,15.2,3,1,26.4,28.7,19.3,0,0,15.1,,,
383,383,9/6/2014,p,1,25,1,2,24.9,28.1,19.8,0,0,13.5,,,"p corolla, w throat"
383,383,10/27/2014,p,1,22,3,3,25.8,28.7,20.7,0,0.7,13.8,,,w throat
383,383,10/30/2014,p,1,26.7,3,2,24,28.3,22.3,-0.5,1.8,12.7,,,
383,383,11/3/2014,p,1,30.4,2,3,24.1,28.7,21.9,-1,3.9,11.8,,,
383,383,10/28/2014,p,1,29.5,2,2,25.7,28.6,21.1,0,1.5,13.7,,,
384,384,11/24/2014,p,1,20.6,1,2,30.4,33.4,22.1,0,2.7,16.8,,,
385,385,10/27/2014,p,1,29.6,1,1,27.8,34.2,25.2,0,5,16.7,,,
385,385,11/13/2014,p,1,14.5,1,1,24.8,29.2,22.1,0,0,15.6,,,particularly pretty
385,385,12/4/2014,p,1,19.8,1,1,25.7,29.9,21.8,0,0,15.5,,,
386,386,2/17/2015,p,1,13.4,1,1,23.6,27.4,20,0,0,14.5,,,
386,386,2/18/2015,p,1,13.3,1,1,24.1,29.3,22.2,0,0,15.4,,,
387,387,8/2/2014,p,1,23.6,1,1,29.5,31.7,21.6,0,1.1,17.1,,,
387,387,8/5/2014,p,1,42.3,1,2,30,33.3,23.7,0,6,16.8,,,
387,387,10/18/2014,p,1,42.8,1,2,29.5,34.8,26.4,0,3,17.1,,,
387,387,10/20/2014,p,1,27.3,3,1,27.1,31.9,22.4,0,0,16.2,,,
387,387,10/27/2014,p,1,24.9,2,1,28.5,34.5,25.6,0,1.9,17.1,,,
390,390,12/2/2014,p,1,20.6,1,1,27.7,32.4,23.2,0,4.5,16.8,,,
391,391,9/2/2014,w,0,26.7,1,2,31.2,34.7,24.3,0,4,18.6,,,
391,391,9/6/2014,w,0,30.3,1,2,30,33.9,22,0,0.8,18.1,,,
391,391,10/27/2014,w,0,28.7,1,1,27.4,31.8,23.5,0,1.1,16,,,
391,391,10/28/2014,w,0,28.9,1,1,27.8,31.3,24.1,0,0.5,16.4,,,
392,392,10/27/2014,p,1,20,2,1,27.1,31.6,22.6,0,1.2,16.6,,,
392,392,11/2/2014,p,1,29.8,1,2,24.9,27.6,20.4,0,0,15.1,,,
392,392,11/7/2014,p,1,13.6,1,1,26.8,31.5,22,0,0,15.6,,,
393,393,11/7/2014,p,1,23.6,2,1,24.2,28.6,19.7,0,0,14.2,,,
393,393,11/14/2014,p,1,17.2,1,2,26.5,30.4,20,0,1.4,14.9,,,
393,393,12/3/2014,p,1,21.4,2,1,26.4,30.5,20.5,0,2.1,14.8,,,
394,394,2/17/2015,p,1,17.7,1,1,23.4,26.8,20.8,0,0,13.6,,,
396,396,10/30/2014,p,1,15.3,1,1,24.1,27,18.5,0,0,14.9,,,
396,396,12/3/2014,p,1,17.5,1,1,25.7,28.1,17.1,0,0,15.3,,,
396,396,12/4/2014,p,1,20.3,1,1,25.2,29.2,18.9,0,2.5,15.7,,,
399,399,2/10/2015,w,0,17.4,3,1,25.6,29.5,20.3,-0.5,0,14.4,,,
400,400,9/4/2014,p,1,27.3,1,1,26.6,31.3,22.2,0,6,16.5,,,
400,400,10/27/2014,p,1,23.8,3,1,27.5,31.9,25,0,8.2,17.2,,,
400,400,11/2/2014,p,1,19.1,3,1,24.3,29,22.9,0,1.3,16.5,,,
400,400,11/3/2014,p,1,12.2,2,1,25.5,29.4,20.4,0,0.5,16.5,,,
400,400,10/28/2014,p,1,26.2,1,2,27.7,32.9,25.2,0,8.9,17,,,
402,402,11/3/2014,p,1,17.8,1,1,26.8,31.1,22,0,1.6,16.7,,,
402,402,11/16/2014,p,1,19.1,2,1,27.7,32.7,21.7,0,4.6,16.6,,,
403,403,11/12/2014,p,1,20.9,1,1,27.7,31,21.2,0,0,17.6,,,
404,404,11/17/2014,p,1,20,2,1,28.2,31.8,22.3,0,5,16.8,,,
404,404,11/18/2014,p,1,21.7,1,1,28.4,33.3,24.7,0,3.5,15.8,,,
404,404,2/10/2015,p,1,18.7,2,1,27.9,31.6,23.3,0,1.3,15.7,,,
405,405,8/3/2014,w,0,22.4,2,1,25.9,30.8,23.3,0,2.7,16.7,,,
405,405,10/30/2014,w,0,26.4,1,1,27.8,31.3,21.3,0,0,17.2,,,
405,405,11/4/2014,w,0,26.4,1,1,25.1,30.1,21,0,0,17,,,
405,405,11/13/2014,w,0,58.6,2,3,25.8,28.7,20,0,1,16.3,,,
406,406,12/4/2014,p,1,16.8,1,1,24,26.9,16.9,0,0,14.6,,,
407,407,10/1/2014,w,0,29.4,1,1,28.1,31.9,22.6,0,0,18,,,
407,407,11/3/2014,w,0,17.8,1,1,28.6,32.8,21.2,0,0,18.5,,,
407,407,11/6/2014,w,0,31.5,1,1,29.7,34,23.5,0,2.5,18.2,,,
407,407,11/28/2014,w,0,24.2,1,2,29.8,34.1,23.1,1,2.2,18.6,,,
407,407,10/28/2014,w,0,23.4,1,1,29.1,34,23.6,0.5,0.5,18.9,,,
408,408,9/3/2014,p,1,14.1,1,1,27.8,31.1,21.2,1,0,17,1,,withered anthers
408,408,10/30/2014,p,1,16.4,2,2,29.2,30.7,17.4,1,0,16.3,1,,sad flower syndrome
408,408,11/2/2014,p,1,12,1,1,26.8,30.5,21.4,1,0,16.4,1,,sad flower syndrome
408,408,11/3/2014,p,1,16.9,1,2,22.6,25.5,20.2,1,0,12.9,1,,sad flower syndrome
408,408,10/28/2014,p,1,26.1,2,2,23.7,26.5,17.2,1,0,15.2,1,,sad flower syndrome
409,409,2/17/2015,p,1,14.3,1,2,24.1,28.3,21.1,0,0.7,14.7,,,
409,409,3/3/2015,p,1,18.3,2,2,25.3,28.1,16.7,0,0,15.6,,,
411,411,9/12/2014,p,1,19.7,1,1,28.3,32.7,22.7,0,2,17,,,
411,411,10/19/2014,p,1,19.2,1,1,26.4,31.8,22.1,0,1.6,16.8,,,
411,411,10/27/2014,p,1,34.7,1,1,30.2,34.3,22.6,0,1.8,17.1,,,
411,411,11/13/2014,p,1,13.1,2,1,24.1,28.6,19.8,0,1.1,15.4,,,
411,411,10/28/2014,p,1,25.3,2,2,28.5,33.1,21.4,0,1.2,16.8,,,
412,412,9/4/2014,p,1,23.3,1,1,24.9,28.7,21.4,0,0,15.8,,,
412,412,11/17/2014,p,1,17.7,1,1,25.7,29.3,21.3,0,3.6,15.4,,,
413,413,9/4/2014,p,1,26.2,1,1,28.2,32.7,23.4,0,3.5,17.6,,,
413,413,10/6/2014,p,1,17.8,1,1,27.3,31.6,23.4,0,0.6,17.2,,,
413,413,11/12/2014,p,1,19.7,1,1,29.5,32.3,19.9,0,2.8,18,,,
413,413,11/13/2014,p,1,17.5,2,1,27.6,32.1,23.8,0,1.2,17.4,,,
413,413,11/18/2014,p,1,16.9,1,1,28.6,32.3,24.1,0,2.7,17.8,,,
414,414,11/3/2014,w,0,28.6,1,2,26.8,31.9,23.2,0,0,17.9,,,
414,414,11/4/2014,w,0,17.5,2,1,29,33,21.8,0,0,17.6,,,
414,414,11/7/2014,w,0,23.2,3,1,31.4,35.1,23.2,0,2.2,19.6,,,
415,415,8/13/2014,p,1,21,1,3,25.7,29.8,22.2,0,1.3,16.3,,,
417,417,7/29/2014,p,1,15.5,1,1,22.4,26.3,19.1,0,0,15.4,,,
417,417,8/29/2014,p,1,43.4,1,2,27.3,31.5,23.2,0,10,16.3,,,
417,417,9/1/2014,p,1,23.1,1,2,24.3,27.7,17.1,0.5,0,14.7,,,squished; no pollen
417,417,9/5/2014,p,1,38.6,1,2,28.5,32.8,22.8,0,6.1,17.6,,,
417,417,10/2/2014,p,1,13.4,1,1,24.5,29,22.1,0,0,16.8,,,
417,417,10/28/2014,p,1,21.9,3,1,26.8,31.9,25,0,0.9,17.3,,,
418,418,11/4/2014,p,1,42.8,1,3,28.1,33.2,23.2,-0.5,0,14.8,,,
418,418,10/28/2014,p,1,24,1,1,27.3,31.7,21.6,0,2.2,14.3,,,
421,421,8/14/2014,p,1,23.5,1,3,25.3,29.4,20.7,0,2.3,14.7,,,
421,421,9/3/2014,p,1,14.4,1,1,25.4,30.6,22.1,0,0.8,14.9,,,
421,421,9/5/2014,p,1,19.2,1,2,26.3,30.9,21.9,0,2.1,15.2,,,
421,421,9/8/2014,p,1,18.8,1,2,25,29.3,21.2,0,0,14.5,,,
421,421,10/1/2014,p,1,17.8,1,2,24.8,29.2,20.7,0,0,13.1,,,w throat
423,423,8/25/2014,p,1,26.7,1,2,27.3,30.9,21.3,0,0,16.4,,,
423,423,8/31/2014,p,1,33.9,1,1,26.6,29.3,16.2,0,0,14.9,,,
423,423,9/1/2014,p,1,38.2,1,2,24.5,28.9,20.3,0,0,15.2,,,
423,423,9/3/2014,p,1,32.2,1,2,28.2,29.7,16.7,0,0,15.3,,,
423,423,10/19/2014,p,1,14.6,1,1,23.8,28.6,21.2,0,0,15.1,,,
424,424,10/30/2014,p,1,20.2,1,1,24.9,29.1,20.2,0,5,14.7,,,
424,424,11/12/2014,p,1,18.6,1,1,23.7,27.3,19.5,0,1.9,15.8,,,
426,426,9/30/2014,w,0,14.2,1,1,25,29,22.6,0,0,15,,,double check id
426,426,10/2/2014,w,0,17.1,1,1,24.9,29.8,23,0,0,15.1,,,
426,426,11/12/2014,w,0,25.8,3,1,26,29.9,19.2,0,0,15.3,,,
426,426,11/14/2014,w,0,17.5,1,1,26.6,30.5,22.8,0,1.7,15.8,,,
426,426,10/28/2014,w,0,20.5,1,1,26.5,30.2,22.5,0,0,14.9,,,
428,428,12/4/2014,w,0,33.9,1,1,25.3,30.7,21.5,0,1,15.9,,,
429,429,11/7/2014,p,1,24.1,1,1,25.3,30,20.9,0,0,14.6,,,one short anther
429,429,11/17/2014,p,1,17.2,1,1,27.1,32,22.7,0,0.7,16.2,,,
431,431,8/4/2014,w,0,44.1,1,2,29,34.4,24.4,0,0,15.9,,,
431,431,9/9/2014,w,0,18.1,2,1,29.4,34,24.1,0,3.3,14.8,,,
431,431,10/27/2014,w,0,17.1,1,1,26.8,31.7,24.6,0,4.9,14.4,,,
431,431,10/30/2014,w,0,14.6,1,1,26.3,31.6,23.4,0,0,14.5,,,
431,431,11/7/2014,w,0,20.1,2,1,26.3,31.3,23.1,0,2.6,14.4,,,
432,432,9/1/2014,w,0,35.5,1,1,24.9,29.7,21.1,0,0,17.1,,,
432,432,10/2/2014,w,0,24.5,1,1,24.3,28.9,21.9,0,2.6,15.9,,,
432,432,10/27/2014,w,0,18.2,1,1,25.9,31,21.6,0,3.3,16.5,,,
432,432,10/30/2014,w,0,15.3,2,1,27,31,21.4,0,0,16.2,,,
432,432,10/28/2014,w,0,21.5,1,1,24.6,31.2,23.5,0,2.3,15.1,,,
433,433,8/1/2014,p,1,15.6,1,2,22.8,27.3,20.1,0,0,14.4,,,
433,433,9/4/2014,p,1,19.5,1,1,24.7,29.8,22.2,0,2.7,15.2,,,
433,433,9/6/2014,p,1,23.3,2,1,25.2,28.7,21.2,0,1.3,14.6,,,
433,433,9/7/2014,p,1,15.3,2,2,23.7,28.4,20,0,0,14.8,,,
433,433,9/9/2014,p,1,27.9,1,2,27.4,31,22,0,3.1,15.5,,,
433,433,11/19/2014,p,1,12.7,1,1,25.7,29.3,22.2,0,2.8,15.2,,,
434,434,9/7/2014,w,0,21.2,1,2,24.9,29.7,22.5,-0.5,0,13.7,,,
434,434,11/7/2014,w,0,22,1,1,27.3,32.2,22.8,-1,0,13.4,,,
434,434,11/14/2014,w,0,19.3,3,1,26.8,32.6,23.5,-0.5,0,13.5,,,
434,434,11/28/2014,w,0,27.3,1,2,26.5,30.7,19.3,0,0,12.9,,,
434,434,12/4/2014,w,0,24.7,1,2,25.6,30.3,21.7,0,0,13.2,,,
436,436,11/14/2014,p,1,15.6,1,1,23.7,27.3,20.5,0,0.6,12.2,,,
437,437,10/20/2014,p,1,19.1,2,1,26.1,29.3,22.1,0,3.3,15.3,,,
437,437,10/30/2014,p,1,10.5,2,1,26.2,30.3,24,0,0.3,14.6,,,
437,437,11/2/2014,p,1,31.3,1,2,27.8,32.2,22.6,0,4.5,15.7,,,
437,437,11/3/2014,p,1,37,1,3,27.3,31.3,24.4,0,0.3,16.1,,,
437,437,10/28/2014,p,1,13.5,1,1,24.4,28.5,21.9,0,0,14.3,,,
438,438,11/6/2014,w,0,15.5,1,1,25.7,31.2,21.8,0,0.6,16,,,
438,438,11/28/2014,w,0,20.4,1,1,28.1,32.7,23.7,0,1.8,17.4,,,
438,438,11/29/2014,w,0,18.5,1,1,28.8,32.8,23.8,0,3.8,17,,,
439,439,9/9/2014,p,1,31.1,1,2,26.9,30.7,23.6,0,0,15.8,,,
439,439,10/22/2014,p,1,22,1,1,26.4,31,21.9,0,1.2,15.2,,,
439,439,10/27/2014,p,1,17.7,2,1,27.3,30.7,21.7,0,3.4,15.4,,,
439,439,11/2/2014,p,1,40.3,3,2,25.3,29.4,22.1,0,4.4,14.7,,,
439,439,10/28/2014,p,1,16.1,3,1,27.4,31.5,23.2,0,6.3,15.9,,,
441,441,2/10/2015,p,1,14.3,1,1,25.6,29.1,21.7,0,0,14.4,,,
442,442,10/30/2014,p,1,30.5,2,2,27.9,32.1,22,0,2.4,16.8,,,
442,442,11/3/2014,p,1,29.3,1,1,27.2,29.3,19.6,0,2.3,16.3,,,squashed
442,442,11/12/2014,p,1,18.1,3,1,24.4,30,22.3,0,0.8,16.9,,,
442,442,11/13/2014,p,1,28.1,2,2,28.4,33.1,23.6,0,7.7,17.2,,,
442,442,10/28/2014,p,1,24.2,5,2,26.9,32.4,24.2,0,1,17.5,,,
443,443,11/3/2014,p,1,26.4,1,3,26.4,30.3,23.6,0,3.4,17.2,,,stripy
443,443,11/12/2014,p,1,33.3,1,1,27.8,32.1,23.9,0,4.9,18.2,,,stripy
443,443,11/14/2014,p,1,21.3,1,1,27,32.8,23.2,0,1.1,17,,,stripy
443,443,11/18/2014,p,1,28.3,1,1,26.2,32.5,25.9,0,6.8,18.2,,,
444,444,2/17/2015,p,1,15.3,1,1,24.2,28.1,21.6,0,0,14.5,,,
447,447,11/12/2014,p,1,16.1,1,1,23.4,25.6,16.1,0,0.5,13.3,,,
447,447,11/16/2014,p,1,15.2,1,1,25,29.6,21.3,0,3.6,15.1,,,
451,451,8/3/2014,w,0,23.5,1,1,28,31,20.4,0.5,4.2,18.7,,,
451,451,2/10/2015,w,0,14.6,9,1,25.7,29.8,21.4,0,0,16.1,,,
451,451,2/18/2015,w,0,19,1,2,24.6,28.9,19.8,0,0.6,15.2,,,
452,452,10/6/2014,p,1,22,1,2,26.4,31.8,22.2,0,3.9,14.9,,,
452,452,10/22/2014,p,1,20.6,3,1,25.5,30.1,20.9,0,2,15.8,,,
452,452,10/27/2014,p,1,28.7,1,2,25.1,30.2,22.4,0,3.3,15.2,,,
452,452,10/30/2014,p,1,29.3,1,2,24.2,28.7,20,0,1.4,13.7,,,
452,452,11/14/2014,p,1,13.4,5,2,22.1,25.7,16.5,0,0,13.1,,,
453,453,11/4/2014,p,1,16.7,1,1,27.5,30.6,20.4,0,1.9,15.2,,,
454,454,10/3/2014,p,1,21.6,1,1,28.5,32.6,24.8,0,1.9,16.7,,,
454,454,10/6/2014,p,1,20,1,1,26.8,32,25,0,0,14.8,,,
454,454,10/22/2014,p,1,22.6,1,1,27.2,31.7,24,0,0,16.1,,,
454,454,11/7/2014,p,1,17.3,2,1,26.6,31.2,23.6,0,0,15.6,,,
454,454,11/9/2014,p,1,14.1,3,1,24.3,27.6,20.5,0,0,15.2,,,
455,455,8/15/2014,p,1,23.2,1,3,26.2,29.8,21.1,0,0,13.9,,,flower grew bentish
455,455,9/4/2014,p,1,22.8,1,1,26.3,30.8,21.5,0,3.5,14.4,,,
455,455,10/17/2014,p,1,34.8,1,2,24.3,29.2,22.4,-0.5,0,13.1,,,
455,455,10/20/2014,p,1,24.8,1,2,26.1,30.3,23.5,0,1.3,14.1,,,
455,455,10/28/2014,p,1,23.6,1,2,25.9,29.4,19.4,0,1.1,13.2,,,
456,456,8/20/2014,p,1,41.6,1,1,28.2,33.1,21.6,0,1,16.2,,,
456,456,8/29/2014,p,1,19.5,1,1,26.7,31.6,21.2,0,0,15.6,,,
456,456,9/7/2014,p,1,20.2,2,1,26.5,30.3,19.8,0,1.8,15.2,,,
456,456,9/9/2014,p,1,17.4,3,1,26.6,29.7,20,0,0,14.6,,,
456,456,9/30/2014,p,1,15.9,1,1,28.5,32.4,21.9,0,0.8,15.3,,,
456,456,10/18/2014,p,1,21.2,1,1,27,31.7,21.9,0,0,15.2,,,w throat
457,457,9/28/2014,p,1,15.5,2,1,27.8,29.4,15,0,0.7,15,,,
457,457,2/5/2015,p,1,12.6,1,2,27.9,28.7,14,0,0.7,15.5,,,
457,457,2/18/2015,p,1,18.5,1,2,26.6,29.4,15.7,0,0,15.3,,,
458,458,8/31/2014,p,1,27.1,1,2,26.4,30.3,22.7,0,0,14.3,,,
458,458,9/8/2014,p,1,17.8,2,1,24.3,27.42,20.8,0,0,,,,
458,458,9/10/2014,p,1,19.1,1,1,24.8,27.8,18.6,0,0,11.8,,,
458,458,11/14/2014,p,1,18,5,2,24.4,28.9,20.1,0,0.9,14.2,,,
458,458,12/3/2014,p,1,12.1,1,1,26.1,27.7,14.4,0,0,13,,,"flower v closed
"
459,459,10/18/2014,p,1,18.5,2,1,25.9,30.7,23.5,0,4.7,17.7,,,
459,459,2/5/2015,p,1,19.2,1,1,29.3,32.8,22.8,0,3.2,18,,,
459,459,2/6/2015,p,1,16.2,1,1,28.6,32.2,22.6,0,0,17.4,,,
460,460,8/20/2014,p,1,22.6,3,1,28.7,31.1,21.2,0,0,16.3,,,
460,460,8/21/2014,p,1,24,3,1,28.5,33.1,21.1,0,3.1,16.2,,,
460,460,8/23/2014,p,1,23.2,1,2,29.9,33.4,24.9,0,3.4,17.3,,,
461,461,2/4/2015,w,0,39.8,2,2,28.6,33.6,23.6,0,1.1,16.5,,,
461,461,2/6/2015,w,0,23.4,2,1,27.5,32.4,23.2,0,0.9,15.5,,,
461,461,3/17/2015,w,0,20.5,2,2,25.3,30.9,23,0,0,14.5,,,
462,462,9/10/2014,p,1,15.8,2,1,23.2,26,18.8,0,0,14.3,,,
462,462,11/12/2014,p,1,14.2,1,1,23,26,16.4,0,0,13.2,,,
464,464,9/5/2014,p,1,22.5,1,2,27.5,33.7,24.1,0,0,16,,,
464,464,9/7/2014,p,1,25.3,1,1,27.5,32.6,23.9,0,0,17,,,
464,464,2/19/2015,p,1,16,1,1,28,31.5,22.8,0,1.5,15.5,,,
465,465,8/1/2014,p,1,22.1,1,1,22.6,28.2,19.8,0,0,15,,,
465,465,9/7/2014,p,1,32.8,1,3,27.4,29.7,20.8,0,1.9,15.8,,,
465,465,2/18/2015,p,1,18.5,1,1,24.8,28.9,19.7,0,0,15.8,,,
469,469,2/18/2015,w,0,15.5,1,1,24.1,29,19.4,0,1.5,14.8,,,
472,472,9/3/2014,w,0,16.2,1,1,27.4,31.3,20.6,0,0.8,16.4,,,
472,472,9/4/2014,w,0,23.7,1,1,28.2,32.4,21.2,0,0,17,,,
472,472,11/12/2014,w,0,14.7,1,1,27,30.9,20.7,0,0,15.3,,,
472,472,3/17/2015,w,0,13.8,1,1,26.9,29.7,20.3,0,0,14.3,,,
473,473,2/6/2015,p,1,31.8,1,2,27.6,31.1,19.3,0,3.6,14.5,,,
474,474,2/19/2015,p,1,14.4,1,1,27,30.5,22,0,0,17.1,,,
475,475,2/10/2015,p,1,15,1,1,25.9,30,21.2,0,0,16.5,,,
475,475,2/18/2015,p,1,18.7,1,2,26.3,30.3,20.2,0,2.3,16.3,,,
479,479,2/17/2015,w,0,10.6,2,1,21.9,25.6,19.6,0,0,13.1,,,
480,480,3/17/2015,p,1,14.7,1,2,27.6,31.7,23.2,0,0,16.2,,,
482,482,12/4/2014,p,1,21.5,1,1,28.3,30.8,18.1,0,6.5,15.1,,,
482,482,2/19/2015,p,1,22.9,1,1,28.3,31.9,20.7,0,0.6,15.5,,,
482,482,3/17/2015,p,1,24.8,3,1,27.8,31.6,22,0,0.8,15.2,,,
483,483,8/20/2014,p,1,18.2,1,1,27.4,30.2,19.4,0,0,16.5,,,
483,483,2/19/2015,p,1,13.5,1,1,24.9,29.4,21.1,0,0.8,15.8,,,
488,488,2/17/2015,p,1,18,4,1,24,27.4,20.7,0,0,14.6,,,
488,488,2/18/2015,p,1,13.4,7,1,23.8,27.9,21.5,0,0,15.3,,,
488,488,2/19/2015,p,1,16.1,1,1,23.2,27.5,21.1,0,0.6,15,,,
490,490,7/26/2014,p,1,19.9,1,1,27,29.5,17.9,0,6.1,13.6,,,
490,490,8/20/2014,p,1,29.5,1,2,30.6,35.2,22.7,0,7,15,,,
490,490,8/29/2014,p,1,26.8,2,1,28.6,33,19.8,0,5.5,15.1,,,
490,490,8/31/2014,p,1,22.4,1,1,27.6,32.5,21.3,0,4.8,14.2,,,
490,490,9/2/2014,p,1,45,2,2,27.3,30.8,18.3,0,3.5,14.5,,,squished
490,490,9/9/2014,p,1,27.5,3,1,27.9,32.6,21.6,0,0.6,15.4,,,
491,491,8/3/2014,w,0,34.8,1,2,31.1,36.3,24.1,0,5.4,16.2,,,
491,491,8/4/2014,w,0,45.4,1,2,30.1,33.5,19.5,0,1.1,16.9,,,
492,492,9/27/2014,p,1,25.8,1,1,26.3,32.7,25.4,0,6.7,16.6,,,
492,492,9/28/2014,p,1,24.3,1,1,28.8,36.1,26.5,0,3.4,18.2,,,
492,492,9/29/2014,p,1,23.8,1,1,30,36,24.9,0,6.6,18.2,,,
492,492,9/30/2014,p,1,23,1,1,30.1,35.5,25.9,0,5.8,17.8,,,
492,492,10/2/2014,p,1,27.3,1,1,32.5,37.6,25.3,0,11.8,18.9,,,
492,492,10/8/2014,p,1,27.5,1,2,30.7,35.7,24.8,0,1,17.3,,,
494,494,10/19/2014,p,1,20.9,1,1,26,30,22.5,1,0,18,,,
494,494,10/20/2014,p,1,22.5,1,1,29.1,33.7,25.3,1,3.3,19.3,,,
494,494,11/4/2014,p,1,29.5,1,1,28.4,31.2,20.7,0.5,0,18,,,
495,495,2/6/2015,p,1,14.6,3,1,23.6,27,17.9,0,0,13.9,,,
495,495,2/18/2015,p,1,9.5,1,1,23.8,27.8,20.4,-0.5,0,13,,,
495,495,3/17/2015,p,1,11.4,1,1,22.2,26.3,18.5,0,0,12.7,,,
496,496,2/18/2015,w,0,15.4,1,1,25.4,28.8,21.7,0,0,15.8,,,
498,498,2/6/2015,p,1,13.2,1,2,25.2,28.1,15.5,0,0,13.6,,,weird stigma - sfs?
499,499,10/18/2014,w,0,35.5,1,1,28,32.1,25.4,0,7.6,16.9,,,
499,499,10/22/2014,w,0,33.1,1,1,29.1,33.6,26.1,0,2.4,17.1,,,
499,499,3/17/2015,w,0,22.2,1,1,27.2,30.8,22.9,0,0,16.1,,,
500,500,8/2/2014,p,1,17,1,2,28,30.5,17.2,0,,16.9,,,
500,500,10/20/2014,p,1,16.4,2,1,29.8,31.3,15.9,0,5,17.5,,,
500,500,10/22/2014,p,1,16,1,1,29.9,32.9,21.7,0,1.7,17.6,,,
500,500,11/7/2014,p,1,17.6,2,1,25.8,29.9,19.2,0,1.7,16.1,,,
500,500,11/12/2014,p,1,15,2,1,28,30.2,17.4,0,0,17.2,,,
501,501,3/4/2015,w,0,16.7,1,2,26.8,30.6,21.7,0,1,14.5,,,
502,502,7/16/2014,p,1,17,1,1,24,,19,0,0,14,,,
502,502,8/20/2014,p,1,19.2,1,1,25.8,30.1,20.4,0,1.7,15.5,,,
502,502,9/28/2014,p,1,9.7,1,1,24.7,30.2,22.5,0,0,14.8,,,w throat
502,502,10/17/2014,p,1,19.5,1,1,27.3,33.2,23.6,0,0.7,16,,,w throat
502,502,10/19/2014,p,1,22.6,2,1,26.1,31.5,22.3,0,0.7,15.3,,,
503,503,10/20/2014,p,1,18.9,1,1,27.8,32.9,23.2,0.5,3.3,17.1,,,
503,503,10/22/2014,p,1,21.4,2,1,29.3,33,18.9,0,7.9,17,,,
503,503,11/14/2014,p,1,17.5,1,1,27.4,32.3,20.9,0,0,15.8,,,
503,503,3/17/2015,p,1,16.2,1,1,25.6,30.1,21.5,0,0,14.4,,,
505,505,10/20/2014,p,1,27.5,1,2,28.2,32.6,22.2,0.5,0,18.1,,,
505,505,10/22/2014,p,1,,1,1,29.6,31,17.7,0.5,1.1,17.2,,,
505,505,11/4/2014,p,1,39.3,1,2,26.4,31.1,20.3,0,0.9,15.8,,,
505,505,11/7/2014,p,1,18.2,1,2,29.9,32.9,18.6,0,0.9,17.5,,,
506,506,8/17/2014,p,1,28.7,1,1,29.2,34.5,26.6,0.5,2.5,19.2,,,
506,506,8/21/2014,p,1,21.4,1,1,27.6,34.5,26.5,0,2.5,18.8,,,
506,506,9/8/2014,p,1,26.1,1,1,27.7,33.3,23.4,0.5,0,18.6,,,
506,506,9/9/2014,p,1,33.2,2,2,28.3,33.3,25.7,0,1.5,18.8,,,
506,506,9/10/2014,p,1,36.4,2,1,31,36.3,27.3,0.5,1.4,19.9,,,
508,508,3/17/2015,p,1,14.8,1,1,25,29.9,21.9,0,7,16.4,,,
CAA,1000,7/9/2014,p,1,15,1,1,31,,20,0,1,18,,,
CAA,1000,7/20/2014,p,1,16,1,1,29,33,21,0,3,19,,,
CAA,1000,7/29/2014,p,1,17.6,1,2,28.9,34.5,26.8,-0.5,6,17.1,,,
CAA,1000,7/31/2014,p,1,17.8,1,2,26.8,31.5,26.2,0,10.6,17.6,,,
CAA,1000,8/4/2014,p,1,21,1,2,30.2,34.4,25.7,0,17.8,17.7,,,really! Numbers right!
CAA,1000,8/4/2014,p,1,16.8,1,1,29.1,32.8,27.1,0,10.9,17.3,,,
CAA,1000,8/16/2014,p,1,25.9,1,1,28.7,33.4,24.8,0,7.8,18.6,,,
CAA,1000,8/23/2014,p,1,35.2,2,2,31,37,29.5,0,15.8,18.7,,,
CAA,1000,9/9/2014,p,1,32,1,2,34.9,39.8,29.7,0,20.4,18.7,,,
CAA,1000,11/6/2014,p,1,13.2,1,1,29.2,36,26.7,0,14.7,16.3,,,
CAA,1000,11/25/2014,p,1,15.7,1,1,28.8,33.1,23.9,0,0,13.7,,,anthers bd
CAA,1000,11/25/2014,p,1,15.8,1,1,30.1,35.1,25.8,0,8.4,16.9,,,
CAA,1000,11/25/2014,p,1,25.2,3,2,34,37.8,25.6,0,19,16.7,,,really!
CAA,1000,11/25/2014,p,1,19.8,1,2,33.7,36.5,24.5,0,0,19.2,,,
CAA,1000,11/28/2014,p,1,25.7,2,1,34,40.4,29.6,0,18.8,17.6,,,
CAA,1000,11/29/2014,p,1,24.4,2,1,31.5,38.1,30.3,0,13.5,17.9,,,
CAA,1000,2/18/2015,p,1,18.5,1,1,31.6,35,24.9,0,9.6,16.9,,,
CL5,1500,11/16/2014,p,1,15,3,1,24.5,28.1,20.7,0,3.6,15.3,,,
CL5,1500,11/17/2014,p,1,14.7,2,1,24.6,28.5,21.4,0,3,15.1,,,
CL5,1500,11/18/2014,p,1,16.7,2,1,24.6,29,21.3,0,4.3,15.8,,,
CL5,1500,11/19/2014,p,1,13.7,1,1,24.2,28.3,20.5,0,2,15.6,,,
CL5,1500,11/24/2014,p,1,17.2,1,1,24.1,26.6,18.3,0,0,15.6,,,
CL5,1500,11/29/2014,p,1,19,2,2,25.3,28.8,20.6,0,6,16.1,,,
LPR,2000,7/27/2014,w,0,10.7,1,1,17.6,19.3,13.1,0,0,10.9,,,
LPR,2000,7/28/2014,w,0,10.5,1,1,17.8,20,13.2,-0.5,0,10,,,
LPR,2000,8/1/2014,w,0,17.4,1,2,19.8,22.4,15.8,-0.5,0,10.8,,,
LPR,2000,8/4/2014,w,0,9.6,1,1,16.9,18.7,13.5,0,0,11,,,
LPR,2000,8/5/2014,w,0,12,1,1,16.3,18.6,14,0,0,11.4,,,
LPR,2000,8/17/2014,w,0,11.4,1,1,20.2,22.5,13.8,0,0,12.1,,,
LPR,2000,11/6/2014,w,0,12.1,1,1,18.4,21.7,13,0,0,10.3,,,
LPR,2000,11/24/2014,w,0,19.2,1,1,19.5,22.7,15.4,0,0,11.7,,,
LPR,2000,11/25/2014,w,0,30.6,1,2,18.9,20.9,13.8,0,0,12,,,
LPR,2000,11/25/2014,w,0,18.5,2,1,18.6,22.2,13.7,0,0,11,,,
LPR,2000,11/25/2014,w,0,15.2,1,1,19.6,21.4,12.5,0,0,11,,,
LPR,2000,11/28/2014,w,0,20.4,1,1,22.3,25.1,17.3,0,0,12.4,,,
LPR,2000,11/29/2014,w,0,18.8,2,1,18.3,19.4,12.5,0,0,10.5,,,
