ID,species,Tray,Germinated,Planted,Leaf 1 open,Leaf 2 open,Leaf 3 open,Top_burnt,Height_mm_day_21,Internode_1_day_21,Internode_2_day_21,Internode_3_day_21,Number_leaves_day_21
C_132,cordatotriloba,1,5/9/2014,5/9/2014,5/17/2014,5/19/2014,5/21/2014,1,382,6,4,17,8
C_133,cordatotriloba,2,5/9/2014,5/9/2014,5/17/2014,5/18/2014,5/20/2014,0,601,5,4,15,9
C_134,cordatotriloba,3,5/9/2014,5/9/2014,5/16/2014,5/18/2014,5/20/2014,1,432,4,4,22,10
C_135,cordatotriloba,4,5/9/2014,5/9/2014,5/16/2014,5/18/2014,5/21/2014,1,456,4,3,17,8
C_136,cordatotriloba,5,5/9/2014,5/9/2014,5/17/2014,5/19/2014,5/21/2014,0,593,5,4,16,8
C_137,cordatotriloba,6,5/9/2014,5/9/2014,5/17/2014,5/18/2014,5/20/2014,0,502,6,5,20,9
C_138,cordatotriloba,8,5/9/2014,5/9/2014,5/17/2014,5/19/2014,5/21/2014,0,479,7,5,18,6
C_139,cordatotriloba,9,5/9/2014,5/9/2014,5/17/2014,5/19/2014,5/21/2014,0,622,6,8,28,10
C_140,cordatotriloba,10,5/9/2014,5/9/2014,5/17/2014,5/18/2014,5/20/2014,1,468,9,16,43,8
C_141,cordatotriloba,11,5/9/2014,5/9/2014,5/17/2014,5/19/2014,5/22/2014,0,446,6,8,28,9
C_142,cordatotriloba,12,5/9/2014,5/9/2014,5/19/2014,5/21/2014,5/23/2014,0,322,8,9,25,5
C_143,cordatotriloba,13,5/9/2014,5/9/2014,5/18/2014,5/20/2014,5/21/2014,0,403,8,8,22,8
C_144,cordatotriloba,14,5/9/2014,5/9/2014,5/17/2014,5/19/2014,5/22/2014,0,424,5,6,20,6
C_145,cordatotriloba,15,5/9/2014,5/9/2014,5/17/2014,5/19/2014,5/21/2014,1,415,6,6,16,9
C_146,cordatotriloba,16,5/9/2014,5/9/2014,5/19/2014,5/21/2014,5/25/2014,0,182,8,4,16,4
C_147,cordatotriloba,17,5/9/2014,5/11/2014,5/20/2014,5/21/2014,5/25/2014,0,363,6,6,15,8
C_148,cordatotriloba,18,5/9/2014,5/11/2014,5/18/2014,5/19/2014,5/21/2014,1,466,8,7,14,11
C_149,cordatotriloba,19,5/9/2014,5/11/2014,5/18/2014,5/19/2014,5/21/2014,1,380,6,6,13,15
C_150,cordatotriloba,20,5/9/2014,5/11/2014,,,,NA,NA,NA,NA,NA,NA
C_151,cordatotriloba,21,5/9/2014,5/11/2014,5/18/2014,5/19/2014,5/22/2014,0,707,5,6,30,11
C_152,cordatotriloba,22,5/9/2014,5/11/2014,5/20/2014,5/21/2014,5/25/2014,0,301,6,9,22,9
C_153,cordatotriloba,23,5/9/2014,5/11/2014,5/19/2014,5/21/2014,5/23/2014,0,514,7,7,24,9
C_154,cordatotriloba,24,5/9/2014,5/11/2014,5/19/2014,5/21/2014,5/23/2014,0,465,9,6,29,8
C_155,cordatotriloba,25,5/9/2014,5/11/2014,,,,NA,NA,NA,NA,NA,NA
C_156,cordatotriloba,26,5/9/2014,5/11/2014,,,,NA,NA,NA,NA,NA,NA
C_157,cordatotriloba,27,5/9/2014,5/11/2014,5/22/2014,5/23/2014,5/25/2014,0,133,5,12,27,6
C_158,cordatotriloba,29,5/9/2014,5/11/2014,5/20/2014,5/22/2014,5/24/2014,0,414,9,10,28,9
C_159,cordatotriloba,30,5/9/2014,5/11/2014,5/21/2014,5/23/2014,5/26/2014,0,72,6,6,15,3
C_160,cordatotriloba,31,5/9/2014,5/11/2014,5/20/2014,5/24/2014,5/26/2014,0,114,6,11,19,4
C_161,cordatotriloba,32,5/9/2014,5/11/2014,5/23/2014,5/25/2014,5/30/2014,0,63,7,7,11,2
C_162,cordatotriloba,33,5/9/2014,5/12/2014,5/25/2014,5/28/2014,5/31/2014,0,42,6,7,6,2
C_163,cordatotriloba,34,5/9/2014,5/12/2014,5/24/2014,5/26/2014,5/29/2014,0,116,9,15,26,3
C_164,cordatotriloba,35,5/9/2014,5/12/2014,5/23/2014,5/25/2014,5/27/2014,0,174,7,11,86,5
C_165,cordatotriloba,36,5/9/2014,5/12/2014,5/23/2014,5/24/2014,5/26/2014,0,265,9,10,27,4
C_166,cordatotriloba,37,5/9/2014,5/12/2014,5/23/2014,5/25/2014,5/26/2014,0,128,8,10,39,3
C_167,cordatotriloba,39,5/9/2014,5/12/2014,5/21/2014,5/24/2014,5/26/2014,0,291,9,10,33,6
C_168,cordatotriloba,40,5/9/2014,5/12/2014,5/23/2014,5/24/2014,5/26/2014,0,253,7,7,18,4
C_169,cordatotriloba,41,5/9/2014,5/12/2014,5/21/2014,5/23/2014,5/25/2014,0,324,6,7,21,6
C_170,cordatotriloba,42,5/9/2014,5/12/2014,5/21/2014,5/23/2014,5/26/2014,0,315,8,9,36,5
C_171,cordatotriloba,43,5/9/2014,5/12/2014,,,,0,3,0,0,0,0
C_172,cordatotriloba,44,5/9/2014,5/12/2014,5/21/2014,5/23/2014,5/25/2014,0,263,5,6,14,7
C_173,cordatotriloba,45,5/9/2014,5/12/2014,5/23/2014,5/25/2014,5/27/2014,0,74,5,5,11,5
C_174,cordatotriloba,46,5/9/2014,5/12/2014,5/21/2014,5/23/2014,5/25/2014,0,175,6,11,20,5
C_175,cordatotriloba,48,5/9/2014,5/12/2014,5/27/2014,5/28/2014,5/31/2014,0,39,7,8,8,2
C_176,cordatotriloba,49,5/9/2014,5/12/2014,5/23/2014,5/26/2014,5/29/2014,0,76,4,6,10,3
C_177,cordatotriloba,50,5/9/2014,5/12/2014,5/23/2014,5/26/2014,5/28/2014,0,150,8,13,38,3
C_178,cordatotriloba,51,5/9/2014,5/12/2014,5/25/2014,5/27/2014,5/29/2014,0,120,9,11,29,3
C_179,cordatotriloba,52,5/9/2014,5/12/2014,5/23/2014,5/26/2014,5/28/2014,0,101,5,7,14,3
C_180,cordatotriloba,53,5/9/2014,5/12/2014,5/23/2014,5/23/2014,5/27/2014,0,118,7,14,33,3
C_181,cordatotriloba,54,5/9/2014,5/12/2014,5/21/2014,5/23/2014,5/26/2014,0,226,6,9,29,7
1,F2,1,5/9/2014,5/9/2014,5/17/2014,5/19/2014,5/21/2014,1,672,9,12,78,12
2,F2,1,5/9/2014,5/9/2014,5/17/2014,5/19/2014,5/21/2014,1,885,11,13,70,15
3,F2,1,5/9/2014,5/9/2014,5/17/2014,5/18/2014,5/21/2014,1,741,9,6,28,9
4,F2,1,5/9/2014,5/9/2014,5/17/2014,5/19/2014,5/21/2014,1,599,11,13,66,13
5,F2,1,5/9/2014,5/9/2014,5/19/2014,5/19/2014,5/25/2014,0,42,1,7,6,3
6,F2,1,5/9/2014,5/9/2014,5/17/2014,5/19/2014,5/21/2014,1,716,10,18,79,13
7,F2,1,5/9/2014,5/9/2014,5/17/2014,5/19/2014,5/21/2014,1,836,9,8,56,10
8,F2,1,5/9/2014,5/9/2014,5/17/2014,5/19/2014,5/21/2014,0,617,8,8,54,6
9,F2,2,5/9/2014,5/9/2014,5/17/2014,5/19/2014,5/21/2014,1,928,12,12,98,7
10,F2,2,5/9/2014,5/9/2014,5/17/2014,5/19/2014,5/21/2014,1,561,10,10,69,11
11,F2,2,5/9/2014,5/9/2014,5/17/2014,5/19/2014,5/21/2014,1,684,11,7,52,14
12,F2,2,5/9/2014,5/9/2014,5/17/2014,5/18/2014,5/21/2014,0,664,8,8,50,15
13,F2,2,5/9/2014,5/9/2014,5/17/2014,5/19/2014,5/21/2014,0,907,6,8,38,9
14,F2,2,5/9/2014,5/9/2014,5/18/2014,5/19/2014,5/21/2014,1,423,9,10,45,7
15,F2,2,5/9/2014,5/9/2014,5/17/2014,5/19/2014,5/22/2014,1,376,6,6,54,8
16,F2,2,5/9/2014,5/9/2014,5/17/2014,5/19/2014,5/21/2014,1,462,11,14,72,6
17,F2,3,5/9/2014,5/9/2014,5/17/2014,5/19/2014,5/21/2014,1,419,8,5,47,7
18,F2,3,5/9/2014,5/9/2014,5/17/2014,5/19/2014,5/21/2014,1,380,8,10,48,7
19,F2,3,5/9/2014,5/9/2014,5/17/2014,5/19/2014,5/21/2014,1,510,7,5,52,8
20,F2,3,5/9/2014,5/9/2014,,,,NA,NA,NA,NA,NA,NA
21,F2,3,5/9/2014,5/9/2014,5/18/2014,5/20/2014,5/23/2014,0,540,9,16,93,9
22,F2,3,5/9/2014,5/9/2014,5/17/2014,5/18/2014,5/21/2014,1,385,7,25,51,9
23,F2,3,5/9/2014,5/9/2014,5/17/2014,5/19/2014,5/22/2014,0,637,10,6,52,11
24,F2,3,5/9/2014,5/9/2014,5/17/2014,5/19/2014,5/21/2014,0,830,9,14,70,10
25,F2,4,5/9/2014,5/9/2014,5/17/2014,5/19/2014,5/21/2014,0,662,13,6,32,10
26,F2,4,5/9/2014,5/9/2014,,,,NA,NA,NA,NA,NA,NA
27,F2,4,5/9/2014,5/9/2014,5/17/2014,5/20/2014,5/22/2014,1,402,11,27,88,8
28,F2,4,5/9/2014,5/9/2014,,,,NA,NA,NA,NA,NA,NA
29,F2,4,5/9/2014,5/9/2014,5/17/2014,5/19/2014,5/21/2014,1,705,12,15,71,9
30,F2,4,5/9/2014,5/9/2014,5/16/2014,5/19/2014,5/20/2014,1,750,8,7,41,13
31,F2,4,5/9/2014,5/9/2014,5/18/2014,5/20/2014,5/22/2014,1,448,10,15,77,6
32,F2,4,5/9/2014,5/9/2014,5/18/2014,5/19/2014,5/22/2014,1,510,14,13,129,9
33,F2,5,5/9/2014,5/9/2014,5/16/2014,5/18/2014,5/20/2014,1,830,8,12,70,13
34,F2,5,5/9/2014,5/9/2014,5/17/2014,5/19/2014,5/21/2014,1,438,9,11,73,14
35,F2,5,5/9/2014,5/9/2014,,,,NA,NA,NA,NA,NA,NA
36,F2,5,5/9/2014,5/9/2014,5/17/2014,5/19/2014,5/21/2014,0,880,13,17,82,10
37,F2,5,5/9/2014,5/9/2014,5/17/2014,5/19/2014,5/25/2014,1,574,6,6,33,9
38,F2,5,5/9/2014,5/9/2014,5/17/2014,5/20/2014,5/25/2014,1,852,13,28,125,10
39,F2,5,5/9/2014,5/9/2014,5/17/2014,5/19/2014,5/22/2014,1,611,8,11,70,10
40,F2,5,5/9/2014,5/9/2014,5/17/2014,5/19/2014,5/21/2014,0,939,12,14,82,12
41,F2,6,5/9/2014,5/9/2014,5/17/2014,5/18/2014,5/21/2014,0,970,12,20,122,14
42,F2,6,5/9/2014,5/9/2014,5/17/2014,5/19/2014,5/21/2014,1,465,16,19,101,13
43,F2,6,5/9/2014,5/9/2014,5/17/2014,5/18/2014,5/20/2014,1,822,14,9,50,13
44,F2,6,5/9/2014,5/9/2014,5/18/2014,5/19/2014,5/22/2014,1,459,12,14,75,9
45,F2,6,5/9/2014,5/9/2014,5/17/2014,5/19/2014,5/21/2014,0,875,13,14,58,11
46,F2,6,5/9/2014,5/9/2014,5/18/2014,5/19/2014,5/22/2014,1,357,14,25,96,8
47,F2,6,5/9/2014,5/9/2014,,,,NA,NA,NA,NA,NA,NA
48,F2,6,5/9/2014,5/9/2014,5/17/2014,5/19/2014,5/22/2014,0,966,12,20,104,11
49,F2,7,5/9/2014,5/9/2014,5/17/2014,5/19/2014,5/22/2014,1,649,12,15,78,8
50,F2,7,5/9/2014,5/9/2014,5/17/2014,5/18/2014,5/21/2014,1,681,8,7,42,13
51,F2,7,5/9/2014,5/9/2014,5/17/2014,5/18/2014,5/21/2014,1,399,6,35,80,9
52,F2,7,5/9/2014,5/9/2014,5/17/2014,5/19/2014,5/21/2014,0,903,9,17,71,14
53,F2,7,5/9/2014,5/9/2014,5/17/2014,5/19/2014,5/21/2014,1,872,15,28,94,13
54,F2,7,5/9/2014,5/9/2014,5/17/2014,5/19/2014,5/22/2014,1,420,8,13,61,8
55,F2,7,5/9/2014,5/9/2014,5/17/2014,5/18/2014,5/21/2014,1,706,11,14,73,11
56,F2,7,5/9/2014,5/9/2014,5/17/2014,5/19/2014,5/21/2014,1,456,8,14,61,12
57,F2,7,5/9/2014,5/9/2014,5/18/2014,5/20/2014,5/23/2014,0,658,6,7,51,9
58,F2,8,5/9/2014,5/9/2014,5/17/2014,5/19/2014,5/21/2014,0,739,10,20,81,11
59,F2,8,5/9/2014,5/9/2014,5/17/2014,5/19/2014,5/21/2014,1,722,10,15,76,12
60,F2,8,5/9/2014,5/9/2014,5/16/2014,5/18/2014,5/21/2014,1,790,14,14,104,14
61,F2,8,5/9/2014,5/9/2014,,,,NA,NA,NA,NA,NA,NA
62,F2,8,5/9/2014,5/9/2014,5/17/2014,5/19/2014,5/22/2014,1,761,12,17,109,11
63,F2,8,5/9/2014,5/9/2014,5/17/2014,5/19/2014,5/22/2014,1,744,12,24,115,10
64,F2,8,5/9/2014,5/9/2014,5/17/2014,5/19/2014,5/21/2014,1,715,13,18,63,12
65,F2,8,5/9/2014,5/9/2014,5/17/2014,5/19/2014,5/22/2014,0,617,9,10,63,8
66,F2,9,5/9/2014,5/9/2014,5/18/2014,5/18/2014,5/22/2014,0,384,11,45,53,10
67,F2,9,5/9/2014,5/9/2014,,,,NA,NA,NA,NA,NA,NA
68,F2,9,5/9/2014,5/9/2014,5/17/2014,5/19/2014,5/22/2014,0,875,15,25,108,13
69,F2,9,5/9/2014,5/9/2014,5/17/2014,5/19/2014,5/21/2014,0,643,10,9,62,9
70,F2,9,5/9/2014,5/9/2014,5/17/2014,5/19/2014,5/22/2014,0,705,11,10,72,8
71,F2,9,5/9/2014,5/9/2014,5/17/2014,5/19/2014,5/21/2014,1,389,15,27,73,11
72,F2,9,5/9/2014,5/9/2014,5/17/2014,5/19/2014,5/21/2014,0,872,13,15,76,10
73,F2,9,5/9/2014,5/9/2014,5/17/2014,5/18/2014,5/21/2014,0,784,9,10,54,8
74,F2,10,5/9/2014,5/9/2014,5/18/2014,5/19/2014,5/23/2014,0,604,13,26,101,5
75,F2,10,5/9/2014,5/9/2014,5/17/2014,5/19/2014,5/22/2014,0,1044,20,28,127,8
76,F2,10,5/9/2014,5/9/2014,5/17/2014,5/19/2014,5/22/2014,1,438,12,14,51,10
77,F2,10,5/9/2014,5/9/2014,5/17/2014,5/19/2014,5/22/2014,0,826,11,14,74,10
78,F2,10,5/9/2014,5/9/2014,5/17/2014,5/19/2014,5/21/2014,0,709,13,11,51,10
79,F2,10,5/9/2014,5/9/2014,5/17/2014,5/19/2014,5/21/2014,1,777,12,14,82,8
80,F2,10,5/9/2014,5/9/2014,5/17/2014,5/18/2014,5/21/2014,0,928,14,9,66,11
81,F2,10,5/9/2014,5/9/2014,5/17/2014,5/19/2014,5/22/2014,1,437,12,13,56,9
82,F2,11,5/9/2014,5/9/2014,,,,0,20,0,0,0,0
83,F2,11,5/9/2014,5/9/2014,5/18/2014,5/20/2014,5/23/2014,1,404,17,19,85,5
84,F2,11,5/9/2014,5/9/2014,5/18/2014,5/20/2014,5/23/2014,1,137,14,30,118,8
85,F2,11,5/9/2014,5/9/2014,5/17/2014,5/19/2014,5/22/2014,1,465,8,10,69,9
86,F2,11,5/9/2014,5/9/2014,5/18/2014,5/21/2014,5/23/2014,0,593,11,17,63,7
87,F2,11,5/9/2014,5/9/2014,5/18/2014,5/21/2014,5/25/2014,1,428,12,20,91,5
88,F2,11,5/9/2014,5/9/2014,5/18/2014,5/20/2014,5/23/2014,1,578,12,20,76,9
89,F2,11,5/9/2014,5/9/2014,5/18/2014,5/20/2014,5/23/2014,1,514,11,20,86,6
90,F2,12,5/9/2014,5/9/2014,5/19/2014,5/21/2014,5/24/2014,1,446,15,30,116,5
91,F2,12,5/9/2014,5/9/2014,5/19/2014,5/21/2014,5/24/2014,0,577,15,34,12,7
92,F2,12,5/9/2014,5/9/2014,5/19/2014,5/21/2014,5/24/2014,1,422,16,38,137,5
93,F2,12,5/9/2014,5/9/2014,5/22/2014,5/23/2014,5/25/2014,0,216,14,7,51,6
94,F2,12,5/9/2014,5/9/2014,5/19/2014,5/21/2014,5/24/2014,0,635,19,31,130,7
95,F2,12,5/9/2014,5/9/2014,5/18/2014,5/21/2014,5/23/2014,0,594,12,21,63,9
96,F2,12,5/9/2014,5/9/2014,,,,NA,NA,NA,NA,NA,NA
97,F2,12,5/9/2014,5/9/2014,5/18/2014,5/20/2014,5/22/2014,1,457,9,11,62,8
98,F2,13,5/9/2014,5/9/2014,5/18/2014,5/21/2014,5/24/2014,1,661,20,49,148,7
99,F2,13,5/9/2014,5/9/2014,5/17/2014,5/19/2014,5/21/2014,1,500,12,10,65,9
100,F2,13,5/9/2014,5/9/2014,5/17/2014,5/19/2014,5/22/2014,1,444,13,17,84,7
101,F2,13,5/9/2014,5/9/2014,5/17/2014,5/19/2014,5/21/2014,0,906,11,12,58,9
102,F2,13,5/9/2014,5/9/2014,5/17/2014,5/19/2014,5/21/2014,0,807,13,20,75,9
103,F2,13,5/9/2014,5/9/2014,5/18/2014,5/19/2014,5/23/2014,1,400,12,13,89,8
104,F2,13,5/9/2014,5/9/2014,5/18/2014,5/19/2014,5/22/2014,1,414,11,18,60,11
105,F2,13,5/9/2014,5/9/2014,5/18/2014,5/19/2014,5/22/2014,0,818,15,17,83,8
106,F2,13,5/9/2014,5/9/2014,5/18/2014,5/20/2014,5/22/2014,0,893,11,31,114,10
107,F2,14,5/9/2014,5/9/2014,5/18/2014,5/20/2014,5/23/2014,0,792,18,44,145,8
108,F2,14,5/9/2014,5/9/2014,5/18/2014,5/19/2014,5/22/2014,0,799,17,23,106,9
109,F2,14,5/9/2014,5/9/2014,5/18/2014,5/20/2014,5/22/2014,0,838,13,24,105,6
110,F2,14,5/9/2014,5/9/2014,5/17/2014,5/19/2014,5/21/2014,1,449,15,5,73,8
111,F2,14,5/9/2014,5/9/2014,5/19/2014,5/21/2014,5/23/2014,1,647,14,18,76,7
112,F2,14,5/9/2014,5/9/2014,5/18/2014,5/19/2014,5/22/2014,1,524,8,15,53,9
113,F2,14,5/9/2014,5/9/2014,5/17/2014,5/18/2014,5/21/2014,1,672,15,17,70,10
114,F2,14,5/9/2014,5/9/2014,5/17/2014,5/19/2014,5/22/2014,1,435,14,18,92,7
115,F2,15,5/9/2014,5/9/2014,5/19/2014,5/22/2014,5/24/2014,1,661,17,40,122,5
116,F2,15,5/9/2014,5/9/2014,5/17/2014,5/19/2014,5/22/2014,1,402,15,22,70,10
117,F2,15,5/9/2014,5/9/2014,5/18/2014,5/21/2014,5/23/2014,1,417,20,29,105,9
118,F2,15,5/9/2014,5/9/2014,5/18/2014,5/20/2014,5/22/2014,1,404,19,26,112,6
119,F2,15,5/9/2014,5/9/2014,5/19/2014,5/21/2014,5/23/2014,0,706,15,23,72,7
120,F2,15,5/9/2014,5/9/2014,5/18/2014,5/21/2014,5/23/2014,1,469,18,36,97,8
121,F2,15,5/9/2014,5/9/2014,5/18/2014,5/21/2014,5/23/2014,1,409,13,17,93,7
122,F2,15,5/9/2014,5/9/2014,5/18/2014,5/20/2014,5/22/2014,0,796,13,13,64,8
123,F2,16,5/9/2014,5/9/2014,5/18/2014,5/20/2014,5/22/2014,1,377,9,18,91,7
124,F2,16,5/9/2014,5/9/2014,5/18/2014,5/18/2014,5/22/2014,1,394,14,97,115,8
125,F2,16,5/9/2014,5/9/2014,5/18/2014,5/20/2014,5/22/2014,1,407,13,23,90,8
126,F2,16,5/9/2014,5/9/2014,5/19/2014,5/21/2014,5/23/2014,0,699,17,44,118,5
127,F2,16,5/9/2014,5/9/2014,5/19/2014,5/20/2014,5/22/2014,1,468,18,16,88,5
128,F2,16,5/9/2014,5/9/2014,5/20/2014,5/22/2014,5/23/2014,0,571,12,17,66,5
129,F2,16,5/9/2014,5/9/2014,,,,NA,NA,NA,NA,NA,NA
130,F2,16,5/9/2014,5/9/2014,5/19/2014,5/21/2014,5/23/2014,0,719,11,26,104,7
131,F2,17,5/10/2014,5/11/2014,5/20/2014,5/20/2014,5/23/2014,0,407,6,10,19,6
132,F2,17,5/10/2014,5/11/2014,5/20/2014,5/20/2014,5/23/2014,1,483,15,84,99,10
133,F2,17,5/10/2014,5/11/2014,5/19/2014,5/21/2014,5/22/2014,0,1110,10,11,63,11
134,F2,17,5/10/2014,5/11/2014,5/19/2014,5/21/2014,5/22/2014,0,1011,9,9,77,8
135,F2,17,5/10/2014,5/11/2014,5/19/2014,5/21/2014,5/22/2014,0,960,11,16,74,13
136,F2,17,5/10/2014,5/11/2014,5/19/2014,5/21/2014,5/23/2014,0,906,11,11,66,10
137,F2,17,5/10/2014,5/11/2014,5/19/2014,5/21/2014,5/24/2014,0,494,6,14,42,6
138,F2,17,5/10/2014,5/11/2014,5/23/2014,5/26/2014,5/26/2014,0,48,5,3,1,5
139,F2,18,5/10/2014,5/11/2014,5/19/2014,5/21/2014,5/24/2014,0,726,9,10,65,9
140,F2,18,5/10/2014,5/11/2014,5/19/2014,5/21/2014,5/24/2014,0,731,8,8,50,7
141,F2,18,5/10/2014,5/11/2014,5/19/2014,5/21/2014,5/24/2014,0,814,10,17,73,6
142,F2,18,5/10/2014,5/11/2014,5/19/2014,5/21/2014,5/23/2014,0,960,10,22,73,8
143,F2,18,5/10/2014,5/11/2014,5/19/2014,5/21/2014,5/24/2014,0,788,7,7,50,8
144,F2,18,5/10/2014,5/11/2014,5/19/2014,5/21/2014,5/23/2014,0,679,12,21,61,11
145,F2,18,5/10/2014,5/11/2014,5/20/2014,5/21/2014,5/25/2014,0,600,8,10,61,5
146,F2,18,5/10/2014,5/11/2014,5/18/2014,5/20/2014,5/22/2014,1,430,11,10,55,12
147,F2,19,5/10/2014,5/11/2014,5/19/2014,5/21/2014,5/23/2014,0,749,9,13,58,7
148,F2,19,5/10/2014,5/11/2014,5/19/2014,5/21/2014,5/24/2014,1,422,8,9,56,8
149,F2,19,5/10/2014,5/11/2014,5/19/2014,5/21/2014,5/24/2014,1,410,14,12,85,7
150,F2,19,5/10/2014,5/11/2014,5/19/2014,5/21/2014,5/24/2014,0,680,9,7,40,8
151,F2,19,5/10/2014,5/11/2014,5/18/2014,5/20/2014,5/23/2014,1,542,8,7,67,10
152,F2,19,5/10/2014,5/11/2014,5/19/2014,5/20/2014,5/22/2014,0,822,10,10,51,12
153,F2,19,5/10/2014,5/11/2014,5/18/2014,5/21/2014,5/23/2014,1,626,6,7,38,10
154,F2,19,5/10/2014,5/11/2014,5/19/2014,5/19/2014,5/19/2014,0,463,5,4,6,14
155,F2,20,5/10/2014,5/11/2014,5/19/2014,5/22/2014,5/24/2014,0,734,10,14,64,7
156,F2,20,5/10/2014,5/11/2014,5/19/2014,5/21/2014,5/23/2014,1,410,7,7,47,9
157,F2,20,5/10/2014,5/11/2014,5/19/2014,5/21/2014,5/23/2014,1,435,6,4,22,7
158,F2,20,5/10/2014,5/11/2014,5/19/2014,5/21/2014,5/23/2014,1,578,10,14,66,9
159,F2,20,5/10/2014,5/11/2014,,,,,,,,,
160,F2,20,5/10/2014,5/11/2014,5/19/2014,5/21/2014,5/23/2014,0,757,7,6,54,9
161,F2,20,5/10/2014,5/11/2014,5/23/2014,5/23/2014,5/28/2014,0,34,2,1,5,3
162,F2,20,5/10/2014,5/11/2014,5/21/2014,5/22/2014,5/25/2014,0,553,8,7,48,5
163,F2,21,5/10/2014,5/11/2014,5/19/2014,5/21/2014,5/23/2014,1,740,11,12,77,11
164,F2,21,5/10/2014,5/11/2014,5/23/2014,5/23/2014,5/26/2014,0,247,9,4,21,4
165,F2,21,5/10/2014,5/11/2014,5/18/2014,5/20/2014,5/23/2014,0,860,10,14,90,11
166,F2,21,5/10/2014,5/11/2014,5/20/2014,5/23/2014,5/24/2014,0,698,11,11,62,8
167,F2,21,5/10/2014,5/11/2014,5/19/2014,5/20/2014,5/23/2014,0,393,4,3,1,10
168,F2,21,5/10/2014,5/11/2014,5/19/2014,5/21/2014,5/23/2014,0,737,8,11,51,10
169,F2,21,5/10/2014,5/11/2014,,,,NA,NA,NA,NA,NA,NA
170,F2,21,5/10/2014,5/11/2014,,,,NA,NA,NA,NA,NA,NA
171,F2,22,5/9/2014,5/11/2014,5/20/2014,5/23/2014,5/26/2014,0,382,9,5,49,4
172,F2,22,5/9/2014,5/11/2014,5/19/2014,5/21/2014,5/22/2014,0,943,12,11,57,10
173,F2,22,5/9/2014,5/11/2014,5/21/2014,5/23/2014,5/26/2014,0,460,7,9,74,5
174,F2,22,5/9/2014,5/11/2014,5/18/2014,5/18/2014,5/21/2014,0,673,7,0,14,15
175,F2,22,5/9/2014,5/11/2014,,,,NA,NA,NA,NA,NA,NA
176,F2,22,5/9/2014,5/11/2014,5/25/2014,5/25/2014,5/26/2014,0,158,6,7,38,3
177,F2,22,5/9/2014,5/11/2014,5/19/2014,5/21/2014,5/22/2014,0,745,10,10,50,14
178,F2,22,5/9/2014,5/11/2014,5/18/2014,5/20/2014,5/22/2014,0,868,7,9,54,12
179,F2,22,5/9/2014,5/11/2014,5/24/2014,5/24/2014,5/25/2014,0,268,6,3,3,6
180,F2,23,5/9/2014,5/11/2014,5/19/2014,5/21/2014,5/23/2014,0,664,8,8,47,11
181,F2,23,5/9/2014,5/11/2014,5/19/2014,5/21/2014,5/23/2014,0,847,10,10,78,8
182,F2,23,5/9/2014,5/11/2014,5/22/2014,5/24/2014,5/26/2014,0,370,12,12,74,5
183,F2,23,5/9/2014,5/11/2014,5/19/2014,5/21/2014,5/23/2014,0,874,10,16,82,9
184,F2,23,5/9/2014,5/11/2014,5/21/2014,5/23/2014,5/24/2014,0,644,10,10,54,6
185,F2,23,5/9/2014,5/11/2014,5/18/2014,5/19/2014,5/22/2014,0,870,9,6,56,14
186,F2,23,5/9/2014,5/11/2014,5/21/2014,5/24/2014,5/26/2014,0,378,10,10,32,5
187,F2,23,5/9/2014,5/11/2014,,,,0,17,0,0,0,0
188,F2,24,5/9/2014,5/11/2014,5/21/2014,5/24/2014,5/26/2014,0,261,7,4,23,4
189,F2,24,5/9/2014,5/11/2014,5/22/2014,5/24/2014,5/25/2014,0,528,13,29,21,8
190,F2,24,5/9/2014,5/11/2014,,,,NA,NA,NA,NA,NA,NA
191,F2,24,5/9/2014,5/11/2014,5/19/2014,5/21/2014,5/25/2014,0,700,13,13,51,14
192,F2,24,5/9/2014,5/11/2014,5/22/2014,5/25/2014,5/26/2014,0,349,9,11,65,4
193,F2,24,5/9/2014,5/11/2014,,,,NA,NA,NA,NA,NA,NA
194,F2,24,5/9/2014,5/11/2014,5/20/2014,5/22/2014,5/24/2014,0,710,10,12,51,7
195,F2,24,5/9/2014,5/11/2014,5/22/2014,5/24/2014,5/26/2014,0,479,11,21,79,4
196,F2,25,5/9/2014,5/11/2014,5/19/2014,5/21/2014,5/23/2014,0,648,9,14,43,9
197,F2,25,5/9/2014,5/11/2014,5/19/2014,5/20/2014,5/22/2014,1,443,8,8,34,14
198,F2,25,5/9/2014,5/11/2014,5/22/2014,5/24/2014,5/26/2014,0,424,12,16,60,5
199,F2,25,5/9/2014,5/11/2014,5/24/2014,5/26/2014,5/26/2014,1,169,5,1,0,5
200,F2,25,5/9/2014,5/11/2014,5/21/2014,5/24/2014,5/26/2014,0,148,4,4,11,4
201,F2,25,5/9/2014,5/11/2014,5/20/2014,5/22/2014,5/24/2014,0,840,13,27,87,7
202,F2,25,5/9/2014,5/11/2014,5/20/2014,5/22/2014,5/24/2014,1,479,16,31,114,11
203,F2,25,5/9/2014,5/11/2014,5/20/2014,5/22/2014,5/24/2014,1,479,13,18,99,7
204,F2,26,5/9/2014,5/11/2014,,,,NA,NA,NA,NA,NA,NA
205,F2,26,5/9/2014,5/11/2014,5/20/2014,5/21/2014,5/23/2014,1,477,8,6,34,12
206,F2,26,5/9/2014,5/11/2014,,,,NA,NA,NA,NA,NA,NA
207,F2,26,5/9/2014,5/11/2014,5/21/2014,5/24/2014,28-May,0,91,6,4,35,3
208,F2,26,5/9/2014,5/11/2014,,,,NA,NA,NA,NA,NA,NA
209,F2,26,5/9/2014,5/11/2014,5/19/2014,5/21/2014,5/24/2014,1,229,12,13,68,7
210,F2,26,5/9/2014,5/11/2014,,,,NA,NA,NA,NA,NA,NA
211,F2,26,5/9/2014,5/11/2014,5/21/2014,5/23/2014,5/26/2014,0,322,11,6,58,3
212,F2,27,5/9/2014,5/11/2014,,,,NA,NA,NA,NA,NA,NA
213,F2,27,5/9/2014,5/11/2014,5/19/2014,5/21/2014,5/25/2014,0,528,8,10,54,9
214,F2,27,5/9/2014,5/11/2014,5/19/2014,5/21/2014,5/24/2014,0,714,9,14,87,9
215,F2,27,5/9/2014,5/11/2014,,,,NA,NA,NA,NA,NA,NA
216,F2,27,5/9/2014,5/11/2014,5/25/2014,5/28/2014,6/1/2014,0,13,2,1,0,2
217,F2,27,5/9/2014,5/11/2014,5/23/2014,5/26/2014,5/28/2014,0,12,1,1,1,3
218,F2,27,5/9/2014,5/11/2014,5/19/2014,5/22/2014,5/25/2014,0,612,10,12,69,9
219,F2,27,5/9/2014,5/11/2014,,,,NA,NA,NA,NA,NA,NA
220,F2,28,5/9/2014,5/11/2014,5/23/2014,5/25/2014,5/28/2014,0,139,12,10,37,3
221,F2,28,5/9/2014,5/11/2014,,,,NA,NA,NA,NA,NA,NA
222,F2,28,5/9/2014,5/11/2014,,,,0,26,1,0,0,0
223,F2,28,5/9/2014,5/11/2014,,,,NA,NA,NA,NA,NA,NA
224,F2,28,5/9/2014,5/11/2014,,,,NA,NA,NA,NA,NA,NA
225,F2,28,5/9/2014,5/11/2014,,,,NA,NA,NA,NA,NA,NA
226,F2,28,5/9/2014,5/11/2014,5/25/2014,5/28/2014,,0,9,1,2,0,2
227,F2,28,5/9/2014,5/11/2014,5/19/2014,5/22/2014,5/25/2014,0,684,12,17,100,9
228,F2,28,5/9/2014,5/11/2014,5/21/2014,5/24/2014,5/26/2014,0,382,9,10,49,4
229,F2,29,5/9/2014,5/11/2014,5/25/2014,5/28/2014,,0,25,5,3,4,2
230,F2,29,5/9/2014,5/11/2014,,,,NA,NA,NA,NA,NA,NA
231,F2,29,5/9/2014,5/11/2014,5/22/2014,5/24/2014,5/26/2014,0,231,10,11,38,6
232,F2,29,5/9/2014,5/11/2014,,,,NA,NA,NA,NA,NA,NA
233,F2,29,5/9/2014,5/11/2014,5/26/2014,5/31/2014,,0,35,9,6,0,2
234,F2,29,5/9/2014,5/11/2014,5/21/2014,5/24/2014,5/26/2014,0,219,9,9,37,4
235,F2,29,5/9/2014,5/11/2014,5/21/2014,5/23/2014,5/25/2014,0,503,13,14,56,5
236,F2,29,5/9/2014,5/11/2014,5/23/2014,5/26/2014,5/28/2014,0,50,6,5,14,3
237,F2,30,5/9/2014,5/11/2014,5/23/2014,5/26/2014,5/29/2014,0,201,14,24,73,2
238,F2,30,5/9/2014,5/11/2014,5/24/2014,5/26/2014,5/30/2014,0,71,6,7,12,2
239,F2,30,5/9/2014,5/11/2014,,,,NA,NA,NA,NA,NA,NA
240,F2,30,5/9/2014,5/11/2014,5/21/2014,5/23/2014,5/26/2014,0,347,12,22,70,3
241,F2,30,5/9/2014,5/11/2014,,,,NA,NA,NA,NA,NA,NA
242,F2,30,5/9/2014,5/11/2014,5/23/2014,5/26/2014,5/29/2014,0,87,11,8,31,2
243,F2,30,5/9/2014,5/11/2014,,,,NA,NA,NA,NA,NA,NA
244,F2,30,5/9/2014,5/11/2014,5/25/2014,5/28/2014,6/2/2014,0,45,9,7,6,2
245,F2,31,5/9/2014,5/11/2014,,,,NA,NA,NA,NA,NA,NA
246,F2,31,5/9/2014,5/11/2014,,,,NA,NA,NA,NA,NA,NA
247,F2,31,5/9/2014,5/11/2014,,,,0,23,8,2,0,0
248,F2,31,5/9/2014,5/11/2014,,,,NA,NA,NA,NA,NA,NA
249,F2,31,5/9/2014,5/11/2014,,,,NA,NA,NA,NA,NA,NA
250,F2,31,5/9/2014,5/11/2014,5/26/2014,5/29/2014,6/2/2014,0,38,10,8,4,1
251,F2,31,5/9/2014,5/11/2014,6/1/2014,,,0,17,1,0,0,0
252,F2,31,5/9/2014,5/11/2014,,,,NA,NA,NA,NA,NA,NA
253,F2,32,5/9/2014,5/11/2014,,,,NA,NA,NA,NA,NA,NA
254,F2,32,5/9/2014,5/11/2014,,,,NA,NA,NA,NA,NA,NA
255,F2,32,5/9/2014,5/11/2014,5/28/2014,6/1/2014,6/2/2014,0,24,0,0,0,1
256,F2,32,5/10/2014,5/11/2014,5/23/2014,5/27/2014,5/31/2014,0,87,15,14,19,2
257,F2,32,5/10/2014,5/11/2014,5/24/2014,5/28/2014,5/31/2014,0,97,20,19,19,2
258,F2,32,5/10/2014,5/11/2014,5/24/2014,5/31/2014,6/1/2014,0,54,10,12,5,1
259,F2,32,5/10/2014,5/11/2014,5/23/2014,5/26/2014,5/30/2014,0,105,12,8,31,2
260,F2,32,5/10/2014,5/11/2014,5/27/2014,5/30/2014,,0,53,10,4,2,1
261,F2,33,5/10/2014,5/12/2014,,,,NA,NA,NA,NA,NA,NA
262,F2,33,5/10/2014,5/12/2014,5/26/2014,5/29/2014,6/1/2014,0,75,9,16,13,2
263,F2,33,5/10/2014,5/12/2014,,,,NA,NA,NA,NA,NA,NA
264,F2,33,5/10/2014,5/12/2014,5/24/2014,5/27/2014,5/30/2014,0,87,8,9,22,2
265,F2,33,5/10/2014,5/12/2014,,,,NA,NA,NA,NA,NA,NA
266,F2,33,5/10/2014,5/12/2014,5/30/2014,6/1/2014,,0,28,5,2,0,0
267,F2,33,5/10/2014,5/12/2014,,,,NA,NA,NA,NA,NA,NA
268,F2,33,5/10/2014,5/12/2014,,,,NA,NA,NA,NA,NA,NA
269,F2,34,5/10/2014,5/12/2014,5/26/2014,5/28/2014,5/31/2014,0,102,15,23,31,2
270,F2,34,5/10/2014,5/12/2014,5/25/2014,5/28/2014,5/30/2014,0,122,15,24,36,2
271,F2,34,5/10/2014,5/12/2014,5/25/2014,5/28/2014,5/28/2014,0,128,13,29,0,3
272,F2,34,5/10/2014,5/12/2014,5/23/2014,5/26/2014,5/28/2014,0,194,10,12,46,3
273,F2,34,5/10/2014,5/12/2014,5/29/2014,5/30/2014,6/2/2014,0,32,8,4,2,1
274,F2,34,5/10/2014,5/12/2014,5/24/2014,5/26/2014,5/30/2014,0,252,15,29,107,2
275,F2,34,5/10/2014,5/12/2014,5/24/2014,5/26/2014,5/29/2014,0,302,10,27,100,3
276,F2,34,5/10/2014,5/12/2014,5/25/2014,5/28/2014,5/30/2014,0,169,15,22,53,2
277,F2,35,5/10/2014,5/12/2014,5/29/2014,5/31/2014,,0,38,9,4,2,1
278,F2,35,5/10/2014,5/12/2014,5/24/2014,5/27/2014,5/29/2014,0,164,13,14,57,3
279,F2,35,5/10/2014,5/12/2014,5/22/2014,5/25/2014,5/27/2014,0,384,9,7,69,4
280,F2,35,5/10/2014,5/12/2014,5/23/2014,5/23/2014,5/27/2014,0,256,8,37,90,4
281,F2,35,5/10/2014,5/12/2014,5/25/2014,5/27/2014,5/30/2014,0,136,13,23,49,2
282,F2,35,5/10/2014,5/12/2014,5/24/2014,5/26/2014,5/29/2014,0,102,5,7,25,3
283,F2,35,5/10/2014,5/12/2014,,,,0,27,0,0,0,0
284,F2,35,5/10/2014,5/12/2014,5/23/2014,5/27/2014,5/28/2014,0,400,20,36,93,3
285,F2,36,5/10/2014,5/12/2014,5/24/2014,5/26/2014,5/29/2014,0,173,12,15,50,3
286,F2,36,5/10/2014,5/12/2014,5/22/2014,5/25/2014,5/28/2014,0,282,9,11,51,3
287,F2,36,5/10/2014,5/12/2014,5/22/2014,5/24/2014,5/26/2014,0,433,9,8,53,4
288,F2,36,5/10/2014,5/12/2014,5/26/2014,5/29/2014,6/2/2014,0,31,7,4,5,2
289,F2,36,5/10/2014,5/12/2014,5/23/2014,5/25/2014,5/27/2014,0,448,13,21,81,3
290,F2,36,5/10/2014,5/12/2014,5/29/2014,5/31/2014,,0,25,5,2,1,1
291,F2,36,5/10/2014,5/12/2014,5/24/2014,5/25/2014,5/31/2014,0,76,8,2,22,2
292,F2,36,5/10/2014,5/12/2014,5/24/2014,5/26/2014,5/28/2014,0,223,9,15,56,3
293,F2,37,5/10/2014,5/12/2014,5/23/2014,5/23/2014,5/26/2014,0,420,8,9,80,4
294,F2,37,5/10/2014,5/12/2014,5/20/2014,5/23/2014,5/24/2014,0,678,9,11,43,5
295,F2,37,5/10/2014,5/12/2014,5/21/2014,5/23/2014,5/26/2014,1,499,10,16,73,4
296,F2,37,5/10/2014,5/12/2014,,,,NA,NA,NA,NA,NA,NA
297,F2,37,5/10/2014,5/12/2014,5/24/2014,5/27/2014,5/31/2014,0,178,14,26,66,2
298,F2,37,5/10/2014,5/12/2014,5/21/2014,5/23/2014,5/25/2014,0,602,13,12,53,6
299,F2,37,5/10/2014,5/12/2014,5/24/2014,5/26/2014,5/28/2014,0,171,11,9,46,3
300,F2,37,5/10/2014,5/12/2014,,,,1,52,0,0,0,0
301,F2,38,5/10/2014,5/12/2014,5/22/2014,5/25/2014,5/28/2014,0,339,13,23,87,4
302,F2,38,5/10/2014,5/12/2014,5/22/2014,5/25/2014,5/28/2014,0,275,10,10,46,3
303,F2,38,5/10/2014,5/12/2014,5/24/2014,5/26/2014,5/29/2014,0,125,10,7,37,3
304,F2,38,5/10/2014,5/12/2014,5/21/2014,5/23/2014,5/26/2014,0,610,10,14,94,4
305,F2,38,5/10/2014,5/12/2014,5/26/2014,5/29/2014,6/2/2014,0,35,3,2,2,2
306,F2,38,5/10/2014,5/12/2014,5/21/2014,5/23/2014,5/26/2014,0,536,10,13,75,5
307,F2,38,5/10/2014,5/12/2014,,,,NA,NA,NA,NA,NA,NA
308,F2,38,5/10/2014,5/12/2014,,,,NA,NA,NA,NA,NA,NA
309,F2,38,5/10/2014,5/12/2014,,,,NA,NA,NA,NA,NA,NA
310,F2,39,5/10/2014,5/12/2014,,,,NA,NA,NA,NA,NA,NA
311,F2,39,5/10/2014,5/12/2014,,,,NA,NA,NA,NA,NA,NA
312,F2,39,5/10/2014,5/12/2014,,,,NA,NA,NA,NA,NA,NA
313,F2,39,5/10/2014,5/12/2014,,,,NA,NA,NA,NA,NA,NA
314,F2,39,5/10/2014,5/12/2014,,,,NA,NA,NA,NA,NA,NA
315,F2,39,5/10/2014,5/12/2014,,,,NA,NA,NA,NA,NA,NA
316,F2,39,5/10/2014,5/12/2014,,,,NA,NA,NA,NA,NA,NA
317,F2,39,5/10/2014,5/12/2014,,,,NA,NA,NA,NA,NA,NA
318,F2,40,5/10/2014,5/12/2014,,,,NA,NA,NA,NA,NA,NA
319,F2,40,5/10/2014,5/12/2014,,,,NA,NA,NA,NA,NA,NA
320,F2,40,5/10/2014,5/12/2014,,,,NA,NA,NA,NA,NA,NA
321,F2,40,5/10/2014,5/12/2014,,,,NA,NA,NA,NA,NA,NA
322,F2,40,5/10/2014,5/12/2014,,,,NA,NA,NA,NA,NA,NA
323,F2,40,5/10/2014,5/12/2014,,,,NA,NA,NA,NA,NA,NA
324,F2,40,5/10/2014,5/12/2014,,,,NA,NA,NA,NA,NA,NA
325,F2,40,5/10/2014,5/12/2014,,,,NA,NA,NA,NA,NA,NA
326,F2,41,5/10/2014,5/12/2014,,,,NA,NA,NA,NA,NA,NA
327,F2,41,5/10/2014,5/12/2014,5/21/2014,5/23/2014,5/27/2014,0,541,10,9,63,8
328,F2,41,5/10/2014,5/12/2014,5/21/2014,5/23/2014,5/26/2014,0,542,10,13,73,5
329,F2,41,5/10/2014,5/12/2014,5/21/2014,5/23/2014,5/25/2014,0,621,12,13,77,4
330,F2,41,5/10/2014,5/12/2014,5/22/2014,5/24/2014,5/26/2014,0,490,12,13,69,5
331,F2,41,5/10/2014,5/12/2014,5/21/2014,5/23/2014,5/26/2014,0,609,13,12,78,7
332,F2,41,5/10/2014,5/12/2014,5/21/2014,5/23/2014,5/26/2014,0,764,16,47,122,7
333,F2,41,5/10/2014,5/12/2014,5/22/2014,5/24/2014,5/27/2014,0,368,10,8,62,3
334,F2,42,5/10/2014,5/12/2014,5/21/2014,5/23/2014,5/26/2014,0,599,15,17,74,4
335,F2,42,5/10/2014,5/12/2014,5/21/2014,5/23/2014,5/26/2014,0,508,11,8,49,6
336,F2,42,5/10/2014,5/12/2014,5/24/2014,5/26/2014,5/28/2014,0,324,18,23,86,3
337,F2,42,5/10/2014,5/12/2014,5/23/2014,5/25/2014,5/28/2014,0,334,12,12,52,4
338,F2,42,5/10/2014,5/12/2014,5/22/2014,5/23/2014,5/26/2014,0,549,13,14,60,7
339,F2,42,5/10/2014,5/12/2014,5/22/2014,5/24/2014,5/26/2014,0,505,12,14,87,6
340,F2,42,5/10/2014,5/12/2014,5/24/2014,5/26/2014,5/28/2014,0,162,9,10,48,3
341,F2,42,5/10/2014,5/12/2014,5/21/2014,5/23/2014,5/26/2014,0,495,11,12,54,4
342,F2,43,5/10/2014,5/12/2014,5/21/2014,5/24/2014,5/26/2014,0,529,12,24,66,6
343,F2,43,5/10/2014,5/12/2014,5/21/2014,5/23/2014,5/26/2014,0,538,15,20,78,6
344,F2,43,5/10/2014,5/12/2014,5/21/2014,5/23/2014,5/25/2014,0,702,16,31,97,8
345,F2,43,5/10/2014,5/12/2014,5/22/2014,5/25/2014,5/28/2014,0,415,11,12,71,5
346,F2,43,5/10/2014,5/12/2014,5/21/2014,5/24/2014,5/27/2014,0,592,16,30,107,6
347,F2,43,5/10/2014,5/12/2014,5/20/2014,5/23/2014,5/25/2014,0,699,15,23,91,8
348,F2,43,5/10/2014,5/12/2014,5/24/2014,5/27/2014,5/28/2014,0,273,14,23,75,3
349,F2,43,5/10/2014,5/12/2014,5/21/2014,5/23/2014,5/25/2014,0,816,20,34,94,8
350,F2,43,5/10/2014,5/12/2014,5/20/2014,5/23/2014,5/25/2014,0,600,12,15,68,8
351,F2,44,5/10/2014,5/12/2014,5/22/2014,5/24/2014,5/26/2014,0,454,15,26,96,6
352,F2,44,5/10/2014,5/12/2014,5/21/2014,5/21/2014,5/25/2014,0,204,6,0,11,9
353,F2,44,5/10/2014,5/12/2014,5/22/2014,5/24/2014,5/25/2014,0,436,16,24,68,6
354,F2,44,5/10/2014,5/12/2014,5/21/2014,5/23/2014,5/26/2014,0,428,10,10,68,9
355,F2,44,5/10/2014,5/12/2014,5/22/2014,5/24/2014,5/27/2014,0,523,16,36,116,5
356,F2,44,5/10/2014,5/12/2014,5/23/2014,5/24/2014,5/27/2014,0,396,23,21,100,5
357,F2,44,5/10/2014,5/12/2014,5/22/2014,5/25/2014,5/26/2014,0,571,17,34,91,6
358,F2,44,5/10/2014,5/12/2014,5/22/2014,5/24/2014,5/27/2014,0,838,29,45,169,6
359,F2,45,5/10/2014,5/12/2014,5/22/2014,5/23/2014,5/26/2014,0,447,13,15,67,6
360,F2,45,5/10/2014,5/12/2014,5/22/2014,5/23/2014,5/26/2014,0,511,19,20,82,6
361,F2,45,5/10/2014,5/12/2014,5/21/2014,5/23/2014,5/26/2014,0,515,13,13,83,6
362,F2,45,5/10/2014,5/12/2014,5/22/2014,5/24/2014,5/27/2014,0,482,11,21,102,5
363,F2,45,5/10/2014,5/12/2014,5/22/2014,5/24/2014,5/26/2014,0,467,14,17,66,4
364,F2,45,5/10/2014,5/12/2014,5/21/2014,5/23/2014,5/26/2014,0,426,10,8,39,4
365,F2,45,5/10/2014,5/12/2014,5/22/2014,5/23/2014,5/27/2014,0,413,15,26,93,3
366,F2,45,5/10/2014,5/12/2014,5/23/2014,5/25/2014,5/27/2014,0,259,11,11,65,3
367,F2,46,5/10/2014,5/12/2014,5/21/2014,5/24/2014,5/26/2014,0,536,19,51,120,4
368,F2,46,5/10/2014,5/12/2014,5/24/2014,5/26/2014,5/30/2014,0,57,8,3,11,2
369,F2,46,5/10/2014,5/12/2014,5/20/2014,5/22/2014,5/26/2014,0,513,9,13,83,6
370,F2,46,5/10/2014,5/12/2014,5/22/2014,5/25/2014,5/29/2014,0,278,14,22,89,3
371,F2,46,5/10/2014,5/12/2014,5/22/2014,5/23/2014,5/28/2014,0,301,14,21,102,3
372,F2,46,5/10/2014,5/12/2014,5/24/2014,5/27/2014,6/1/2014,0,60,4,3,15,2
373,F2,46,5/10/2014,5/12/2014,5/22/2014,5/24/2014,5/28/2014,0,375,15,21,85,3
374,F2,46,5/10/2014,5/12/2014,5/22/2014,5/25/2014,5/29/2014,0,247,12,20,93,3
375,F2,47,5/10/2014,5/12/2014,5/22/2014,5/25/2014,5/29/2014,0,333,20,25,104,3
376,F2,47,5/10/2014,5/12/2014,,,,NA,NA,NA,NA,NA,NA
377,F2,47,5/10/2014,5/12/2014,5/22/2014,5/23/2014,5/25/2014,0,105,8,13,45,5
378,F2,MISSING??,5/10/2014,5/12/2014,,,,,,,,,
379,F2,47,5/10/2014,5/12/2014,5/29/2014,5/30/2014,,0,43,22,4,4,1
380,F2,47,5/10/2014,5/12/2014,5/24/2014,5/27/2014,5/30/2014,0,129,18,18,39,2
381,F2,47,5/10/2014,5/12/2014,5/24/2014,5/26/2014,5/30/2014,0,177,23,21,58,2
382,F2,47,5/10/2014,5/12/2014,5/24/2014,5/27/2014,5/30/2014,0,135,16,21,45,2
383,F2,47,5/10/2014,5/12/2014,5/27/2014,5/29/2014,6/1/2014,0,69,17,14,13,2
384,F2,47,5/10/2014,5/12/2014,5/21/2014,5/24/2014,5/28/2014,0,311,13,11,61,3
385,F2,48,5/10/2014,5/12/2014,5/26/2014,5/28/2014,5/30/2014,0,152,19,22,43,2
386,F2,48,5/10/2014,5/12/2014,5/27/2014,5/29/2014,5/31/2014,0,83,14,14,26,2
387,F2,48,5/10/2014,5/12/2014,5/23/2014,5/26/2014,5/28/2014,0,325,23,31,80,3
388,F2,48,5/10/2014,5/12/2014,5/23/2014,5/25/2014,5/28/2014,0,469,20,30,127,3
389,F2,48,5/10/2014,5/12/2014,5/28/2014,,,NA,NA,NA,NA,NA,NA
390,F2,48,5/10/2014,5/12/2014,5/23/2014,5/25/2014,5/28/2014,0,330,19,25,86,3
391,F2,48,5/10/2014,5/12/2014,5/25/2014,5/28/2014,5/31/2014,0,163,19,30,59,2
392,F2,48,5/10/2014,5/12/2014,5/26/2014,5/29/2014,5/31/2014,0,119,18,27,27,2
393,F2,48,5/10/2014,5/12/2014,5/29/2014,5/31/2014,,0,47,18,10,7,1
394,F2,49,5/10/2014,5/12/2014,5/29/2014,5/31/2014,,0,43,12,5,2,1
395,F2,49,5/10/2014,5/12/2014,5/24/2014,5/28/2014,6/1/2014,0,208,18,41,84,2
396,F2,49,5/10/2014,5/12/2014,5/24/2014,5/26/2014,5/29/2014,0,339,18,38,117,3
397,F2,49,5/10/2014,5/12/2014,,,,NA,NA,NA,NA,NA,NA
398,F2,49,5/10/2014,5/12/2014,,,,NA,NA,NA,NA,NA,NA
399,F2,49,5/10/2014,5/12/2014,5/27/2014,5/30/2014,,0,56,14,2,1,1
400,F2,49,5/10/2014,5/12/2014,5/23/2014,5/26/2014,5/29/2014,0,357,13,25,127,3
401,F2,49,5/10/2014,5/12/2014,,,,NA,NA,NA,NA,NA,NA
402,F2,50,5/10/2014,5/12/2014,5/24/2014,5/26/2014,5/29/2014,0,296,17,34,139,3
403,F2,50,5/10/2014,5/12/2014,5/26/2014,5/28/2014,5/31/2014,0,133,21,14,55,2
404,F2,50,5/10/2014,5/12/2014,5/24/2014,5/28/2014,5/29/2014,0,283,16,42,97,3
405,F2,50,5/10/2014,5/12/2014,5/24/2014,5/26/2014,5/29/2014,0,325,19,26,120,3
406,F2,50,5/10/2014,5/12/2014,5/25/2014,5/27/2014,5/31/2014,0,95,13,14,27,2
407,F2,50,5/10/2014,5/12/2014,5/25/2014,5/28/2014,5/29/2014,0,251,24,73,82,3
408,F2,50,5/10/2014,5/12/2014,5/26/2014,5/28/2014,5/29/2014,0,42,8,1,1,3
409,F2,50,5/10/2014,5/12/2014,5/24/2014,5/27/2014,5/29/2014,0,214,15,25,81,3
410,F2,51,5/10/2014,5/12/2014,5/25/2014,5/26/2014,5/29/2014,0,256,14,21,56,3
411,F2,51,5/10/2014,5/12/2014,5/23/2014,5/25/2014,5/28/2014,0,506,16,26,131,4
412,F2,51,5/10/2014,5/12/2014,5/25/2014,5/28/2014,5/30/2014,0,192,10,15,75,2
413,F2,51,5/10/2014,5/12/2014,5/25/2014,5/27/2014,5/29/2014,0,217,16,23,67,3
414,F2,51,5/10/2014,5/12/2014,5/25/2014,5/27/2014,5/29/2014,0,163,12,15,44,3
415,F2,51,5/10/2014,5/12/2014,5/25/2014,5/25/2014,5/28/2014,0,257,10,88,84,3
416,F2,51,5/10/2014,5/12/2014,,,,NA,NA,NA,NA,NA,NA
417,F2,51,5/10/2014,5/12/2014,5/24/2014,5/26/2014,5/29/2014,0,269,19,18,85,3
418,F2,52,5/10/2014,5/12/2014,5/24/2014,5/25/2014,5/27/2014,0,427,15,7,77,6
419,F2,52,5/10/2014,5/12/2014,5/27/2014,5/29/2014,,0,43,2,2,1,2
420,F2,52,5/10/2014,5/12/2014,5/22/2014,5/24/2014,5/27/2014,0,502,15,16,83,4
421,F2,52,5/10/2014,5/12/2014,5/27/2014,5/29/2014,5/31/2014,0,129,26,32,36,2
422,F2,52,5/10/2014,5/12/2014,,,,NA,NA,NA,NA,NA,NA
423,F2,52,5/10/2014,5/12/2014,5/23/2014,5/25/2014,5/28/2014,0,520,17,30,136,3
424,F2,52,5/10/2014,5/12/2014,5/23/2014,5/24/2014,5/26/2014,0,634,16,25,98,7
425,F2,52,5/10/2014,5/12/2014,,,,NA,NA,NA,NA,NA,NA
426,F2,53,5/10/2014,5/12/2014,5/25/2014,5/27/2014,5/31/2014,0,157,14,27,62,2
427,F2,53,5/10/2014,5/12/2014,,,,NA,NA,NA,NA,NA,NA
428,F2,53,5/10/2014,5/12/2014,5/23/2014,5/25/2014,5/28/2014,0,392,13,22,127,3
429,F2,53,5/10/2014,5/12/2014,5/23/2014,5/25/2014,5/28/2014,0,445,14,16,93,4
430,F2,53,5/10/2014,5/12/2014,5/24/2014,5/25/2014,5/29/2014,0,169,8,6,90,3
431,F2,53,5/10/2014,5/12/2014,5/24/2014,5/26/2014,5/29/2014,0,281,16,25,105,3
432,F2,53,5/10/2014,5/12/2014,5/22/2014,5/24/2014,5/26/2014,0,564,12,21,95,6
433,F2,53,5/10/2014,5/12/2014,5/23/2014,5/25/2014,5/28/2014,0,395,17,22,105,4
434,F2,54,5/10/2014,5/12/2014,5/23/2014,5/27/2014,5/29/2014,0,134,5,21,45,6
435,F2,54,5/10/2014,5/12/2014,,,,NA,NA,NA,NA,NA,NA
436,F2,54,5/10/2014,5/12/2014,5/23/2014,5/25/2014,5/28/2014,0,408,15,32,124,3
437,F2,54,5/10/2014,5/12/2014,5/24/2014,5/26/2014,5/28/2014,0,264,11,15,73,3
438,F2,54,5/10/2014,5/12/2014,5/24/2014,5/27/2014,5/29/2014,0,229,12,24,70,3
439,F2,54,5/10/2014,5/12/2014,5/24/2014,5/27/2014,5/30/2014,0,285,18,30,104,2
440,F2,54,5/10/2014,5/12/2014,5/23/2014,5/25/2014,5/29/2014,0,244,9,13,79,3
441,F2,54,5/10/2014,5/12/2014,,,,NA,NA,NA,NA,NA,NA
442,F2,55,5/10/2014,5/12/2014,5/24/2014,5/26/2014,5/29/2014,0,183,12,11,48,3
443,F2,55,5/10/2014,5/12/2014,5/22/2014,5/25/2014,5/27/2014,0,487,15,19,61,5
444,F2,55,5/10/2014,5/12/2014,5/23/2014,5/25/2014,5/28/2014,1,435,13,16,86,5
445,F2,55,5/10/2014,5/12/2014,,,,NA,NA,NA,NA,NA,NA
446,F2,55,5/10/2014,5/12/2014,,,,NA,NA,NA,NA,NA,NA
447,F2,55,5/10/2014,5/12/2014,5/23/2014,5/25/2014,5/29/2014,0,296,10,7,70,3
448,F2,55,5/10/2014,5/12/2014,,,,NA,NA,NA,NA,NA,NA
449,F2,55,5/10/2014,5/12/2014,5/22/2014,5/24/2014,5/26/2014,0,466,17,24,69,7
450,F2,55,5/10/2014,5/12/2014,5/23/2014,5/25/2014,5/28/2014,0,434,9,15,72,5
451,F2,55,5/10/2014,5/12/2014,5/26/2014,5/28/2014,5/31/2014,0,88,11,11,36,2
452,F2,56,5/10/2014,5/12/2014,5/28/2014,5/31/2014,,0,65,16,13,4,1
453,F2,56,5/10/2014,5/12/2014,5/23/2014,5/26/2014,5/28/2014,0,389,14,41,72,4
454,F2,56,5/10/2014,5/12/2014,5/27/2014,5/31/2014,5/31/2014,0,59,5,6,12,1
455,F2,56,5/10/2014,5/12/2014,5/24/2014,5/25/2014,5/28/2014,0,464,16,20,112,3
456,F2,56,5/10/2014,5/12/2014,5/23/2014,5/25/2014,5/28/2014,0,127,8,6,29,3
457,F2,56,5/10/2014,5/12/2014,5/24/2014,5/26/2014,5/28/2014,0,314,17,17,73,3
458,F2,56,5/10/2014,5/12/2014,5/24/2014,5/26/2014,5/29/2014,0,217,11,9,43,3
459,F2,56,5/10/2014,5/12/2014,5/24/2014,5/25/2014,5/28/2014,0,428,14,23,102,3
460,F2,56,5/10/2014,5/12/2014,5/22/2014,5/24/2014,5/27/2014,0,530,12,19,94,4
461,F2,56,5/10/2014,5/12/2014,5/25/2014,5/27/2014,5/30/2014,0,235,16,17,106,2
462,F2,57,5/10/2014,5/12/2014,5/24/2014,5/26/2014,5/28/2014,0,372,12,22,77,3
463,F2,57,5/10/2014,5/12/2014,5/24/2014,5/26/2014,5/28/2014,0,296,13,16,73,3
464,F2,57,5/10/2014,5/12/2014,5/22/2014,5/24/2014,5/27/2014,0,469,13,13,89,6
465,F2,57,5/10/2014,5/12/2014,5/23/2014,5/25/2014,5/28/2014,0,462,13,24,122,3
466,F2,57,5/10/2014,5/12/2014,,,,NA,NA,NA,NA,NA,NA
467,F2,57,5/10/2014,5/12/2014,,,,NA,NA,NA,NA,NA,NA
468,F2,57,5/10/2014,5/12/2014,5/29/2014,5/31/2014,6/1/2014,0,21,4,2,3,1
469,F2,57,5/10/2014,5/12/2014,5/26/2014,5/28/2014,5/30/2014,0,198,17,35,74,2
470,F2,57,5/10/2014,5/12/2014,5/24/2014,5/28/2014,5/30/2014,0,115,11,17,35,2
471,F2,57,5/10/2014,5/12/2014,,,,NA,NA,NA,NA,NA,NA
472,F2,58,5/10/2014,5/12/2014,5/27/2014,5/28/2014,5/29/2014,0,156,22,11,31,3
473,F2,58,5/10/2014,5/12/2014,5/24/2014,5/26/2014,5/28/2014,0,445,19,8,52,5
474,F2,58,5/10/2014,5/12/2014,5/24/2014,5/26/2014,5/28/2014,0,252,11,11,56,3
475,F2,58,5/10/2014,5/12/2014,5/26/2014,5/28/2014,5/30/2014,0,230,20,58,76,2
476,F2,58,5/10/2014,5/12/2014,5/24/2014,5/26/2014,5/28/2014,0,296,10,24,69,3
477,F2,58,5/10/2014,5/12/2014,5/26/2014,5/27/2014,5/29/2014,0,188,8,17,39,3
478,F2,58,5/10/2014,5/12/2014,5/24/2014,5/25/2014,5/28/2014,0,212,9,0,36,4
479,F2,58,5/10/2014,5/12/2014,5/23/2014,5/25/2014,5/28/2014,1,431,14,5,90,4
480,F2,58,5/10/2014,5/12/2014,5/23/2014,5/25/2014,5/27/2014,0,676,20,61,137,7
481,F2,58,5/10/2014,5/12/2014,,,,NA,NA,NA,NA,NA,NA
482,F2,59,5/10/2014,5/12/2014,5/23/2014,5/26/2014,5/28/2014,0,426,11,11,62,3
483,F2,59,5/10/2014,5/12/2014,5/23/2014,5/24/2014,5/26/2014,0,465,12,11,53,4
484,F2,59,5/10/2014,5/12/2014,5/23/2014,5/24/2014,5/26/2014,1,418,13,4,49,4
485,F2,59,5/10/2014,5/12/2014,5/29/2014,,,0,13,0,0,0,0
486,F2,59,5/10/2014,5/12/2014,5/21/2014,5/23/2014,5/26/2014,0,827,15,24,99,7
487,F2,59,5/10/2014,5/12/2014,5/26/2014,5/26/2014,5/28/2014,0,69,6,2,1,4
488,F2,59,5/10/2014,5/12/2014,5/25/2014,5/28/2014,5/29/2014,0,283,13,7,88,3
489,F2,59,5/10/2014,5/12/2014,5/22/2014,5/24/2014,5/26/2014,0,707,13,28,82,9
490,F2,59,5/10/2014,5/12/2014,5/29/2014,5/31/2014,,0,14,0,0,0,1
491,F2,59,5/10/2014,5/12/2014,5/23/2014,5/25/2014,5/27/2014,0,521,17,16,82,4
492,F2,60,5/10/2014,5/12/2014,5/22/2014,5/24/2014,5/26/2014,0,759,13,14,94,6
493,F2,60,5/10/2014,5/12/2014,5/21/2014,5/24/2014,5/25/2014,0,930,12,21,87,7
494,F2,60,5/10/2014,5/12/2014,5/22/2014,5/24/2014,5/25/2014,0,749,9,9,52,10
495,F2,60,5/10/2014,5/12/2014,5/22/2014,5/24/2014,5/26/2014,0,730,11,12,71,6
496,F2,60,5/10/2014,5/12/2014,5/21/2014,5/23/2014,5/25/2014,0,734,10,12,63,9
497,F2,60,5/10/2014,5/12/2014,5/23/2014,5/23/2014,5/26/2014,0,602,10,67,96,5
498,F2,60,5/10/2014,5/12/2014,5/23/2014,5/23/2014,5/25/2014,0,259,3,2,1,7
499,F2,60,5/10/2014,5/12/2014,5/22/2014,5/23/2014,5/24/2014,1,423,14,18,77,10
500,F2,60,5/10/2014,5/12/2014,5/21/2014,5/24/2014,5/26/2014,0,762,12,22,116,6
501,F2,60,5/10/2014,5/12/2014,5/21/2014,5/23/2014,5/25/2014,0,672,12,14,78,11
502,F2,61,5/10/2014,5/12/2014,5/21/2014,5/23/2014,5/25/2014,0,839,14,29,76,12
503,F2,61,5/10/2014,5/12/2014,5/22/2014,5/25/2014,5/26/2014,0,637,10,31,54,8
504,F2,61,5/10/2014,5/12/2014,,,,NA,NA,NA,NA,NA,NA
505,F2,61,5/10/2014,5/12/2014,5/25/2014,5/26/2014,5/28/2014,0,382,9,8,61,4
506,F2,61,5/10/2014,5/12/2014,5/24/2014,5/28/2014,5/30/2014,0,52,6,4,14,2
507,F2,61,5/10/2014,5/12/2014,5/25/2014,5/25/2014,5/26/2014,0,286,11,4,14,4
508,F2,61,5/10/2014,5/12/2014,5/25/2014,5/26/2014,5/28/2014,0,246,12,6,28,3
L_168,lacunosa,1,5/9/2014,5/9/2014,5/18/2014,5/20/2014,5/22/2014,1,544,16,14,94,8
L_169,lacunosa,2,5/9/2014,5/9/2014,5/17/2014,5/19/2014,5/21/2014,1,737,17,24,82,9
L_170,lacunosa,3,5/9/2014,5/9/2014,5/17/2014,5/19/2014,5/21/2014,1,400,13,11,70,7
L_171,lacunosa,4,5/9/2014,5/9/2014,5/17/2014,5/19/2014,5/21/2014,0,727,11,14,74,7
L_172,lacunosa,5,5/9/2014,5/9/2014,5/17/2014,5/19/2014,5/21/2014,1,822,14,16,89,9
L_173,lacunosa,6,5/9/2014,5/9/2014,5/18/2014,5/20/2014,5/22/2014,1,432,15,17,80,5
L_174,lacunosa,7,5/9/2014,5/9/2014,5/17/2014,5/19/2014,5/21/2014,0,858,15,18,90,9
L_175,lacunosa,8,5/9/2014,5/9/2014,5/17/2014,5/19/2014,5/21/2014,1,743,15,18,90,9
L_176,lacunosa,9,5/9/2014,5/9/2014,5/18/2014,5/20/2014,5/22/2014,1,421,18,26,122,8
L_177,lacunosa,10,5/9/2014,5/9/2014,5/18/2014,5/20/2014,5/23/2014,1,414,20,32,102,6
L_178,lacunosa,11,5/9/2014,5/9/2014,5/18/2014,5/20/2014,5/23/2014,0,732,21,31,123,7
L_179,lacunosa,12,5/9/2014,5/9/2014,5/17/2014,5/20/2014,5/22/2014,1,522,15,20,80,7
L_180,lacunosa,14,5/9/2014,5/9/2014,5/18/2014,5/20/2014,5/23/2014,1,472,17,30,84,7
L_181,lacunosa,15,5/9/2014,5/9/2014,5/19/2014,5/21/2014,5/23/2014,1,712,17,18,101,7
L_182,lacunosa,16,5/9/2014,5/9/2014,5/19/2014,5/21/2014,5/22/2014,1,384,17,28,118,5
L_183,lacunosa,17,5/9/2014,5/11/2014,5/19/2014,5/21/2014,5/22/2014,0,848,13,12,63,9
L_184,lacunosa,18,5/9/2014,5/11/2014,5/18/2014,5/21/2014,5/23/2014,0,800,12,9,45,8
L_185,lacunosa,19,5/9/2014,5/11/2014,5/18/2014,5/21/2014,5/23/2014,0,678,11,9,48,9
L_186,lacunosa,20,5/9/2014,5/11/2014,5/19/2014,5/20/2014,5/22/2014,0,902,17,18,69,11
L_187,lacunosa,21,5/9/2014,5/11/2014,5/20/2014,5/21/2014,5/23/2014,0,770,18,15,65,8
L_188,lacunosa,23,5/9/2014,5/11/2014,5/18/2014,5/20/2014,5/22/2014,1,443,18,24,83,11
L_189,lacunosa,24,5/9/2014,5/11/2014,5/21/2014,5/22/2014,5/25/2014,0,722,16,14,59,9
L_190,lacunosa,25,5/9/2014,5/11/2014,5/23/2014,5/25/2014,5/27/2014,0,275,12,10,45,4
L_191,lacunosa,26,5/9/2014,5/11/2014,5/19/2014,5/22/2014,5/25/2014,0,682,13,20,55,5
L_192,lacunosa,27,5/9/2014,5/11/2014,5/18/2014,5/21/2014,5/23/2014,0,680,10,15,53,7
L_193,lacunosa,28,5/9/2014,5/11/2014,5/20/2014,5/23/2014,5/26/2014,0,452,16,16,64,5
L_194,lacunosa,29,5/9/2014,5/11/2014,5/20/2014,5/22/2014,5/25/2014,0,561,17,17,69,8
L_195,lacunosa,30,5/9/2014,5/11/2014,5/21/2014,5/23/2014,5/26/2014,0,399,16,16,63,4
L_196,lacunosa,31,5/9/2014,5/11/2014,5/23/2014,5/26/2014,5/30/2014,0,114,13,18,34,2
L_197,lacunosa,32,5/9/2014,5/11/2014,,,,NA,NA,NA,NA,NA,NA
L_198,lacunosa,33,5/9/2014,5/12/2014,5/27/2014,5/30/2014,5/31/2014,0,88,20,24,10,1
L_199,lacunosa,34,5/9/2014,5/12/2014,5/23/2014,5/25/2014,5/29/2014,0,240,13,13,77,3
L_200,lacunosa,35,5/9/2014,5/12/2014,,,,0,13,0,0,0,0
L_201,lacunosa,36,5/9/2014,5/12/2014,5/25/2014,5/27/2014,5/30/2014,0,184,16,16,81,2
L_202,lacunosa,37,5/9/2014,5/12/2014,5/21/2014,5/23/2014,5/27/2014,0,515,17,20,67,5
L_203,lacunosa,38,5/9/2014,5/12/2014,5/22/2014,5/24/2014,5/27/2014,0,352,13,11,59,4
L_204,lacunosa,39,5/9/2014,5/12/2014,5/22/2014,5/26/2014,5/28/2014,0,191,10,13,46,3
L_205,lacunosa,40,5/9/2014,5/12/2014,,,,NA,NA,NA,NA,NA,NA
L_206,lacunosa,41,5/9/2014,5/12/2014,5/22/2014,5/24/2014,5/26/2014,0,465,15,19,57,4
L_207,lacunosa,42,5/9/2014,5/12/2014,5/21/2014,5/23/2014,5/25/2014,1,542,19,28,90,7
L_208,lacunosa,44,5/9/2014,5/12/2014,5/23/2014,5/24/2014,5/26/2014,0,473,20,12,92,6
L_209,lacunosa,45,5/9/2014,5/12/2014,,,,NA,NA,NA,NA,NA,NA
L_210,lacunosa,46,5/9/2014,5/12/2014,5/23/2014,5/26/2014,5/28/2014,0,258,20,17,77,3
L_211,lacunosa,47,5/9/2014,5/12/2014,,,,NA,NA,NA,NA,NA,NA
L_212,lacunosa,49,5/9/2014,5/12/2014,5/27/2014,5/30/2014,6/1/2014,0,47,14,7,6,1
L_213,lacunosa,50,5/9/2014,5/12/2014,5/26/2014,5/29/2014,5/31/2014,0,83,14,11,19,2
L_214,lacunosa,51,5/9/2014,5/12/2014,5/25/2014,5/29/2014,5/31/2014,0,166,15,15,50,3
L_215,lacunosa,52,5/9/2014,5/12/2014,5/24/2014,5/26/2014,5/28/2014,0,357,14,16,72,4
L_216,lacunosa,53,5/9/2014,5/12/2014,5/22/2014,5/24/2014,5/26/2014,0,367,17,17,76,5
L_217,lacunosa,54,5/9/2014,5/12/2014,5/29/2014,5/31/2014,6/1/2014,0,61,19,14,8,1
CAA,cordatotriloba,NA,NA,NA,NA,NA,NA,NA,NA,NA,NA,NA,NA
CL5,F1,NA,NA,NA,NA,NA,NA,NA,NA,NA,NA,NA,NA
LPR,lacunosa,NA,NA,NA,NA,NA,NA,NA,NA,NA,NA,NA,NA
